Municipality,Municipality Type,County,Population (2020),Population (2010),Pop. Change,Land area (mi^2),Land Area (km^2),Population density,Form of government,Incorporated[5]
Aberdeen Township,Township,Monmouth,19329,18157,0.065,5.444,14.1,"3,550.5/sq mi (1,370.9/km2)",Faulkner Act (council–manager),1857[note 26]
Absecon,City,Atlantic,9137,8411,0.086,5.468,14.16,"1,671.0/sq mi (645.2/km2)",City (New Jersey),1872
Alexandria Township,Township,Hunterdon,4809,4938,−2.6%,27.534,71.31,174.7/sq mi (67.4/km2),,1798
Allamuchy Township,Township,Warren,5335,4323,0.234,19.992,51.78,266.9/sq mi (103.0/km2),Faulkner Act (small municipality),1873
Allendale,Borough,Bergen,6848,6505,0.053,3.097,8.02,"2,211.2/sq mi (853.7/km2)",,1894
Allenhurst,Borough,Monmouth,472,496,−4.8%,0.25,0.65,"1,888.0/sq mi (729.0/km2)",Walsh Act,1897
Allentown,Borough,Monmouth,1734,1828,−5.1%,0.596,1.54,"2,909.4/sq mi (1,123.3/km2)",,1889
Alloway Township,Township,Salem,3283,3467,−5.3%,33.477,86.71,98.1/sq mi (37.9/km2),,1767[note 60]
Alpha,Borough,Warren,2328,2369,−1.7%,1.681,4.35,"1,384.9/sq mi (534.7/km2)",,1911
Alpine,Borough,Bergen,1762,1849,−4.7%,6.401,16.58,275.3/sq mi (106.3/km2),,1903
Andover Borough,Borough,Sussex,595,606,−1.8%,1.348,3.49,441.4/sq mi (170.4/km2),,1904
Andover Township,Township,Sussex,5996,6319,−5.1%,20.044,51.91,299.1/sq mi (115.5/km2),,1864
Asbury Park,City,Monmouth,15188,16008,−5.1%,1.429,3.7,"10,628.4/sq mi (4,103.7/km2)",Faulkner Act (council–manager),1874
Atlantic City,City,Atlantic,38497,39558,−2.7%,10.76,27.87,"3,577.8/sq mi (1,381.4/km2)",Faulkner Act (mayor–council),1854
Atlantic Highlands,Borough,Monmouth,4414,4385,0.007,1.264,3.27,"3,492.1/sq mi (1,348.3/km2)",,1887
Audubon,Borough,Camden,8707,8819,−1.3%,1.482,3.84,"5,875.2/sq mi (2,268.4/km2)",Walsh Act,1905
Audubon Park,Borough,Camden,991,1023,−3.1%,0.15,0.39,"6,606.7/sq mi (2,550.8/km2)",,1947
Avalon,Borough,Cape May,1243,1334,−6.8%,4.27,11.06,291.1/sq mi (112.4/km2),,1892
Avon-by-the-Sea,Borough,Monmouth,1933,1901,0.017,0.426,1.1,"4,537.6/sq mi (1,752.0/km2)",Walsh Act,1900
Barnegat Light,Borough,Ocean,640,574,0.115,0.831,2.15,770.2/sq mi (297.4/km2),,1904[note 68]
Barnegat Township,Township,Ocean,24296,20726,0.172,34.239,88.68,709.6/sq mi (274.0/km2),,1846[note 21]
Barrington,Borough,Camden,7075,6983,0.013,1.581,4.09,"4,475.0/sq mi (1,727.8/km2)",,1917
Bass River Township,Township,Burlington,1355,1443,−6.1%,75.124,194.57,18.0/sq mi (7.0/km2),Walsh Act,1864
Bay Head,Borough,Ocean,930,968,−3.9%,0.585,1.52,"1,589.7/sq mi (613.8/km2)",,1886
Bayonne,City,Hudson,71686,63024,0.137,5.821,15.08,"12,315.1/sq mi (4,754.9/km2)",Faulkner Act (mayor–council),1861[note 6]
Beach Haven,Borough,Ocean,1027,1170,−12.2%,0.979,2.54,"1,049.0/sq mi (405.0/km2)",Walsh Act,1890
Beachwood,Borough,Ocean,10859,11045,−1.7%,2.763,7.16,"3,930.1/sq mi (1,517.4/km2)",,1917
Bedminster,Township,Somerset,8272,8165,0.013,26.123,67.66,316.7/sq mi (122.3/km2),,1798
Belleville,Township,Essex,38222,35926,0.064,3.296,8.54,"11,596.5/sq mi (4,477.4/km2)",Faulkner Act (council–manager),1839
Bellmawr,Borough,Camden,11707,11583,0.011,2.984,7.73,"3,923.3/sq mi (1,514.8/km2)",,1926
Belmar,Borough,Monmouth,5907,5794,0.02,1.045,2.71,"5,652.6/sq mi (2,182.5/km2)",Faulkner Act (small municipality),1885[note 51]
Belvidere,Town,Warren,2520,2681,−6.0%,1.449,3.75,"1,739.1/sq mi (671.5/km2)",Town (New Jersey),1845
Bergenfield,Borough,Bergen,28321,26652,0.063,2.904,7.52,"9,752.4/sq mi (3,765.4/km2)",Borough (New Jersey),1894
Berkeley Heights,Township,Union,13285,12754,0.042,6.22,16.11,"2,135.9/sq mi (824.7/km2)",,1809[note 34]
Berkeley Township,Township,Ocean,43754,41255,0.061,42.71,110.62,"1,024.4/sq mi (395.5/km2)",Faulkner Act (mayor–council),1875
Berlin Borough,Borough,Camden,7489,7588,−1.3%,3.594,9.31,"2,083.8/sq mi (804.5/km2)",,1927
Berlin Township,Township,Camden,5867,5357,0.095,3.342,8.66,"1,755.5/sq mi (677.8/km2)",Faulkner Act (small municipality),1910
Bernards Township,Township,Somerset,27830,26535,0.049,24.201,62.68,"1,150.0/sq mi (444.0/km2)",Township (New Jersey),1798
Bernardsville,Borough,Somerset,7893,7707,0.024,12.836,33.25,614.9/sq mi (237.4/km2),,1924
Bethlehem Township,Township,Hunterdon,3745,3979,−5.9%,20.683,53.57,181.1/sq mi (69.9/km2),,1798
Beverly,City,Burlington,2499,2577,−3.0%,0.541,1.4,"4,619.2/sq mi (1,783.5/km2)",City (New Jersey),1850
Blairstown,Township,Warren,5704,5967,−4.4%,29.887,77.41,190.9/sq mi (73.7/km2),,1845
Bloomfield,Township,Essex,53105,47315,0.122,5.337,13.82,"9,950.3/sq mi (3,841.9/km2)",Special charter (New Jersey),1812
Bloomingdale,Borough,Passaic,7777,7656,0.016,8.801,22.79,883.6/sq mi (341.2/km2),,1918
Bloomsbury,Borough,Hunterdon,792,870,−9.0%,0.932,2.41,849.8/sq mi (328.1/km2),,1905
Bogota,Borough,Bergen,8778,8187,0.072,0.755,1.96,"11,626.5/sq mi (4,489.0/km2)",,1894
Boonton Town,Town,Morris,8815,8347,0.056,2.335,6.05,"3,775.2/sq mi (1,457.6/km2)",Town (New Jersey),1866
Boonton Township,Township,Morris,4380,4263,0.027,8.131,21.06,538.7/sq mi (208.0/km2),,1867
Bordentown City,City,Burlington,3993,3924,0.018,0.935,2.42,"4,270.6/sq mi (1,648.9/km2)",Walsh Act,1825[note 57]
Bordentown Township,Township,Burlington,11791,11367,0.037,8.663,22.44,"1,361.1/sq mi (525.5/km2)",,1852
Bound Brook,Borough,Somerset,11988,10402,0.152,1.661,4.3,"7,217.3/sq mi (2,786.6/km2)",,1891
Bradley Beach,Borough,Monmouth,4282,4298,−0.4%,0.61,1.58,"7,019.7/sq mi (2,710.3/km2)",Faulkner Act (small municipality),1893
Branchburg,Township,Somerset,14940,14432,0.035,20.071,51.98,744.4/sq mi (287.4/km2),,1845
Branchville,Borough,Sussex,791,841,−5.9%,0.593,1.54,"1,333.9/sq mi (515.0/km2)",,1898
Brick Township,Township,Ocean,73620,75072,−1.9%,25.587,66.27,"2,877.2/sq mi (1,110.9/km2)",Faulkner Act (mayor–council),1850
Bridgeton,City,Cumberland,27263,24958,0.092,6.228,16.13,"4,377.5/sq mi (1,690.2/km2)",Faulkner Act (mayor–council),1865
Bridgewater Township,Township,Somerset,45977,44464,0.034,31.888,82.59,"1,441.8/sq mi (556.7/km2)",Faulkner Act (mayor–council),1798
Brielle,Borough,Monmouth,4982,4774,0.044,1.756,4.55,"2,837.1/sq mi (1,095.4/km2)",,1919
Brigantine,City,Atlantic,7716,9450,−18.3%,6.522,16.89,"1,183.1/sq mi (456.8/km2)",Faulkner Act (council–manager),1890
Brooklawn,Borough,Camden,1815,1955,−7.2%,0.488,1.26,"3,719.3/sq mi (1,436.0/km2)",,1924
Buena,Borough,Atlantic,4501,4603,−2.2%,7.573,19.61,594.3/sq mi (229.5/km2),,1948
Buena Vista Township,Township,Atlantic,7033,7570,−7.1%,41.08,106.4,171.2/sq mi (66.1/km2),,1867
Burlington City,City,Burlington,9743,9920,−1.8%,3.035,7.86,"3,210.2/sq mi (1,239.5/km2)",,1784
Burlington Township,Township,Burlington,23983,22306,0.075,13.476,34.9,"1,779.7/sq mi (687.1/km2)",,1798
Butler,Borough,Morris,8047,7539,0.067,2.034,5.27,"3,956.2/sq mi (1,527.5/km2)",,1901
Byram Township,Township,Sussex,8028,8350,−3.9%,21.531,55.77,372.9/sq mi (144.0/km2),Faulkner Act (council–manager),1798
Caldwell,Borough,Essex,9027,7822,0.154,1.178,3.05,"7,663.0/sq mi (2,958.7/km2)",,1892
Califon,Borough,Hunterdon,1005,1076,−6.6%,0.959,2.48,"1,048.0/sq mi (404.6/km2)",,1918
Camden,City,Camden,71791,77344,−7.2%,8.921,23.11,"8,047.4/sq mi (3,107.1/km2)",Faulkner Act (mayor–council),1828
Cape May,City,Cape May,2768,3607,−23.3%,2.473,6.41,"1,119.3/sq mi (432.2/km2)",Faulkner Act (council–manager),1848[note 61]
Cape May Point,Borough,Cape May,305,291,0.048,0.295,0.76,"1,033.9/sq mi (399.2/km2)",Walsh Act,1908
Carlstadt,Borough,Bergen,6372,6127,0.04,3.947,10.22,"1,614.4/sq mi (623.3/km2)",,1894
Carneys Point Township,Township,Salem,8637,8049,0.073,16.912,43.8,510.7/sq mi (197.2/km2),,1798[note 40]
Carteret,Borough,Middlesex,25326,22625,0.119,4.391,11.37,"5,767.7/sq mi (2,226.9/km2)",,1906[note 19]
Cedar Grove,Township,Essex,12980,12373,0.049,4.237,10.97,"3,063.5/sq mi (1,182.8/km2)",Faulkner Act (council–manager),1892[note 35]
Chatham Borough,Borough,Morris,9212,8962,0.028,2.347,6.08,"3,925.0/sq mi (1,515.5/km2)",,1892
Chatham Township,Township,Morris,10983,10452,0.051,9.078,23.51,"1,209.8/sq mi (467.1/km2)",,1806
Cherry Hill Township,Township,Camden,74553,71045,0.049,24.072,62.35,"3,097.1/sq mi (1,195.8/km2)",Faulkner Act (mayor–council),1844[note 5]
Chesilhurst,Borough,Camden,1536,1634,−6.0%,1.715,4.44,895.6/sq mi (345.8/km2),,1887
Chester Borough,Borough,Morris,1681,1649,0.019,1.592,4.12,"1,055.9/sq mi (407.7/km2)",,1930
Chester Township,Township,Morris,7713,7838,−1.6%,29.132,75.45,264.8/sq mi (102.2/km2),Faulkner Act (small municipality),1799
Chesterfield Township,Township,Burlington,9422,7699,0.224,21.311,55.2,442.1/sq mi (170.7/km2),,1798
Cinnaminson Township,Township,Burlington,17064,15540,0.098,7.424,19.23,"2,298.5/sq mi (887.5/km2)",,1860
Clark,Township,Union,15544,14707,0.057,4.273,11.07,"3,637.7/sq mi (1,404.5/km2)",,1864
Clayton,Borough,Gloucester,8807,8179,0.077,7.075,18.32,"1,244.8/sq mi (480.6/km2)",,1858
Clementon,Borough,Camden,5338,5000,0.068,1.893,4.9,"2,819.9/sq mi (1,088.8/km2)",,1925
Cliffside Park,Borough,Bergen,25693,23510,0.093,0.956,2.48,"26,875.5/sq mi (10,376.7/km2)",,1895
Clifton,City,Passaic,90296,84136,0.073,11.275,29.2,"8,008.5/sq mi (3,092.1/km2)",1923 Municipal Manager Law,1917
Clinton Town,Town,Hunterdon,2773,2719,0.02,1.346,3.49,"2,060.2/sq mi (795.4/km2)",Town (New Jersey),1865
Clinton Township,Township,Hunterdon,13505,13409,0.007,29.869,77.36,452.1/sq mi (174.6/km2),Faulkner Act (small municipality),1841
Closter,Borough,Bergen,8594,8373,0.026,3.16,8.18,"2,719.6/sq mi (1,050.1/km2)",,1904
Collingswood,Borough,Camden,14186,13835,0.025,1.83,4.74,"7,751.9/sq mi (2,993.0/km2)",Walsh Act,1888
Colts Neck Township,Township,Monmouth,9957,10142,−1.8%,30.715,79.55,324.2/sq mi (125.2/km2),,1847[note 39]
Commercial Township,Township,Cumberland,4669,5178,−9.8%,31.914,82.66,146.3/sq mi (56.5/km2),,1874
Corbin City,City,Atlantic,471,492,−4.3%,7.697,19.94,61.2/sq mi (23.6/km2),City (New Jersey),1922
Cranbury,Township,Middlesex,3842,3857,−0.4%,13.283,34.4,289.2/sq mi (111.7/km2),,1872
Cranford,Township,Union,23847,22594,0.055,4.835,12.52,"4,932.2/sq mi (1,904.3/km2)",,1871
Cresskill,Borough,Bergen,9155,8573,0.068,2.065,5.35,"4,433.4/sq mi (1,711.8/km2)",,1894
Deal,Borough,Monmouth,900,750,0.2,1.184,3.07,760.1/sq mi (293.5/km2),Walsh Act,1898
Deerfield Township,Township,Cumberland,3136,3119,0.005,16.842,43.62,186.2/sq mi (71.9/km2),,1798
Delanco Township,Township,Burlington,4824,4283,0.126,2.358,6.11,"2,045.8/sq mi (789.9/km2)",,1859[note 56]
Delaware Township,Township,Hunterdon,4560,4563,−0.1%,36.656,94.94,124.4/sq mi (48.0/km2),,1838
Delran Township,Township,Burlington,17882,16820,0.063,6.63,17.17,"2,697.1/sq mi (1,041.4/km2)",,1880
Demarest,Borough,Bergen,4981,4881,0.02,2.072,5.37,"2,404.0/sq mi (928.2/km2)",,1903
Dennis Township,Township,Cape May,6285,6467,−2.8%,60.421,156.49,104.0/sq mi (40.2/km2),,1827
Denville Township,Township,Morris,17107,16341,0.047,11.992,31.06,"1,426.5/sq mi (550.8/km2)",,1913
Deptford Township,Township,Gloucester,31977,30561,0.046,17.331,44.89,"1,845.1/sq mi (712.4/km2)",Faulkner Act (council–manager),1798
Dover,Town,Morris,18460,18061,0.022,2.676,6.93,"6,898.4/sq mi (2,663.5/km2)",Town (New Jersey),1896
Downe Township,Township,Cumberland,1399,1585,−11.7%,48.403,125.36,28.9/sq mi (11.2/km2),,1798
Dumont,Borough,Bergen,17863,17304,0.032,1.949,5.05,"9,165.2/sq mi (3,538.7/km2)",,1894
Dunellen,Borough,Middlesex,7637,7227,0.057,1.062,2.75,"7,191.1/sq mi (2,776.5/km2)",,1887
Eagleswood Township,Township,Ocean,1722,1603,0.074,16.103,41.71,106.9/sq mi (41.3/km2),,1874
East Amwell Township,Township,Hunterdon,3917,4013,−2.4%,28.455,73.7,137.7/sq mi (53.1/km2),,1846
East Brunswick,Township,Middlesex,49715,47512,0.046,21.784,56.42,"2,282.2/sq mi (881.2/km2)",Faulkner Act (mayor–council),1860
East Greenwich Township,Township,Gloucester,11706,9555,0.225,14.443,37.41,810.5/sq mi (312.9/km2),,1881
East Hanover Township,Township,Morris,11105,11157,−0.5%,7.875,20.4,"1,410.2/sq mi (544.5/km2)",Faulkner Act (small municipality),1928
East Newark,Borough,Hudson,2594,2406,0.078,0.103,0.27,"25,184.5/sq mi (9,723.8/km2)",,1895
East Orange,City,Essex,69612,64270,0.083,3.928,10.17,"17,722.0/sq mi (6,842.5/km2)",City (New Jersey),1863
East Rutherford,Borough,Bergen,10022,8913,0.124,3.712,9.61,"2,699.9/sq mi (1,042.4/km2)",,1889
East Windsor Township,Township,Mercer,30045,27165,0.106,15.567,40.32,"1,930.0/sq mi (745.2/km2)",Faulkner Act (council–manager),1798
Eastampton Township,Township,Burlington,6191,6069,0.02,5.73,14.84,"1,080.5/sq mi (417.2/km2)",Faulkner Act (council–manager),1880
Eatontown,Borough,Monmouth,13597,12559,0.083,5.841,15.13,"2,327.9/sq mi (898.8/km2)",,1873
Edgewater,Borough,Bergen,14336,11513,0.245,0.971,2.51,"14,764.2/sq mi (5,700.5/km2)",,1894[note 30]
Edgewater Park,Township,Burlington,8930,8881,0.006,2.919,7.56,"3,059.3/sq mi (1,181.2/km2)",,1924
Edison,Township,Middlesex,107588,99967,0.076,30.068,77.88,"3,578.2/sq mi (1,381.5/km2)",Faulkner Act (mayor–council),1870[note 3]
Egg Harbor City,City,Atlantic,4396,4243,0.036,10.851,28.1,405.1/sq mi (156.4/km2),City (New Jersey),1858
Egg Harbor Township,Township,Atlantic,47842,43323,0.104,67.047,173.65,713.6/sq mi (275.5/km2),Township (New Jersey),1798
Elizabeth,City,Union,137298,124969,0.099,12.319,31.91,"11,145.2/sq mi (4,303.2/km2)",Faulkner Act (mayor–council),1855
Elk Township,Township,Gloucester,4424,4216,0.049,19.157,49.62,230.9/sq mi (89.2/km2),,1891
Elmer,Borough,Salem,1347,1395,−3.4%,0.894,2.32,"1,506.7/sq mi (581.7/km2)",,1893
Elmwood Park,Borough,Bergen,21422,19131,0.12,2.643,6.85,"8,105.2/sq mi (3,129.4/km2)",,1916[note 23]
Elsinboro Township,Township,Salem,1001,1036,−3.4%,11.931,30.9,83.9/sq mi (32.4/km2),,1798
Emerson,Borough,Bergen,7290,7401,−1.5%,2.231,5.78,"3,267.6/sq mi (1,261.6/km2)",,1903[note 45]
Englewood,City,Bergen,29308,26764,0.095,4.925,12.76,"5,950.9/sq mi (2,297.6/km2)",Special charter (New Jersey),1899
Englewood Cliffs,Borough,Bergen,5342,5281,0.012,2.126,5.51,"2,512.7/sq mi (970.2/km2)",,1895
Englishtown,Borough,Monmouth,2346,1847,0.27,0.57,1.48,"4,115.8/sq mi (1,589.1/km2)",,1888
Essex Fells,Borough,Essex,2244,2113,0.062,1.408,3.65,"1,593.8/sq mi (615.4/km2)",,1902
Estell Manor,City,Atlantic,1668,1735,−3.9%,53.387,138.27,31.2/sq mi (12.1/km2),Faulkner Act (small municipality),1925
Evesham Township,Township,Burlington,46826,45538,0.028,29.156,75.51,"1,606.1/sq mi (620.1/km2)",Faulkner Act (council–manager),1798
Ewing Township,Township,Mercer,37264,35790,0.041,15.206,39.38,"2,450.6/sq mi (946.2/km2)",Faulkner Act (mayor–council),1834
Fair Haven,Borough,Monmouth,6269,6121,0.024,1.593,4.13,"3,935.3/sq mi (1,519.4/km2)",,1912
Fair Lawn,Borough,Bergen,34927,32457,0.076,5.135,13.3,"6,801.8/sq mi (2,626.2/km2)",Faulkner Act (council–manager),1924
Fairfield,Township,Essex,7872,7466,0.054,10.128,26.23,777.3/sq mi (300.1/km2),Faulkner Act (small municipality),1798[note 43]
Fairfield Township,Township,Cumberland,5546,6295,−11.9%,41.119,106.5,134.9/sq mi (52.1/km2),,1798
Fairview,Borough,Bergen,15025,13712,0.096,0.844,2.19,"17,802.1/sq mi (6,873.4/km2)",,1894
Fanwood,Borough,Union,7774,7318,0.062,1.34,3.47,"5,801.5/sq mi (2,240.0/km2)",,1895
Far Hills,Borough,Somerset,924,919,0.005,4.847,12.55,190.6/sq mi (73.6/km2),,1921
Farmingdale,Borough,Monmouth,1504,1329,0.132,0.52,1.35,"2,892.3/sq mi (1,116.7/km2)",,1903
Fieldsboro,Borough,Burlington,526,540,−2.6%,0.279,0.72,"1,885.3/sq mi (727.9/km2)",,1850
Flemington,Borough,Hunterdon,4876,4581,0.064,1.077,2.79,"4,527.4/sq mi (1,748.0/km2)",,1910
Florence Township,Township,Burlington,12812,12109,0.058,9.769,25.3,"1,311.5/sq mi (506.4/km2)",,1872
Florham Park,Borough,Morris,12585,11696,0.076,7.308,18.93,"1,722.1/sq mi (664.9/km2)",Borough (New Jersey),1899
Folsom,Borough,Atlantic,1811,1885,−3.9%,8.264,21.4,219.1/sq mi (84.6/km2),,1906
Fort Lee,Borough,Bergen,40191,35345,0.137,2.518,6.52,"15,961.5/sq mi (6,162.8/km2)",Borough (New Jersey),1904
Frankford Township,Township,Sussex,5302,5565,−4.7%,33.876,87.74,156.5/sq mi (60.4/km2),,1798
Franklin Borough,Borough,Sussex,4912,5045,−2.6%,4.356,11.28,"1,127.6/sq mi (435.4/km2)",,1913
Franklin Lakes,Borough,Bergen,11079,10590,0.046,9.414,24.38,"1,176.9/sq mi (454.4/km2)",,1922
Franklin Township,Township,Somerset,68364,62300,0.097,46.17,119.58,"1,480.7/sq mi (571.7/km2)",Faulkner Act (council–manager),1798
Franklin Township,Township,Gloucester,16380,16773,−2.3%,55.83,144.6,293.4/sq mi (113.3/km2),,1820
Franklin Township,Township,Hunterdon,3267,3195,0.023,23.035,59.66,141.8/sq mi (54.8/km2),,1845
Franklin Township,Township,Warren,2968,3176,−6.5%,23.42,60.66,126.7/sq mi (48.9/km2),,1839
Fredon Township,Township,Sussex,3235,3437,−5.9%,17.64,45.69,183.4/sq mi (70.8/km2),,1904
Freehold Borough,Borough,Monmouth,12538,12052,0.04,1.932,5,"6,489.6/sq mi (2,505.7/km2)",,1869
Freehold Township,Township,Monmouth,35369,36184,−2.3%,38.653,100.11,915.0/sq mi (353.3/km2),Township (New Jersey),1798
Frelinghuysen Township,Township,Warren,2199,2230,−1.4%,23.623,61.18,93.1/sq mi (35.9/km2),,1848
Frenchtown,Borough,Hunterdon,1370,1373,−0.2%,1.128,2.92,"1,214.5/sq mi (468.9/km2)",,1867
Galloway Township,Township,Atlantic,37813,37349,0.012,88.668,229.65,426.5/sq mi (164.7/km2),Faulkner Act (council–manager),1798
Garfield,City,Bergen,32655,30487,0.071,2.111,5.47,"15,469.0/sq mi (5,972.6/km2)",1923 Municipal Manager Law,1898[note 11]
Garwood,Borough,Union,4454,4226,0.054,0.65,1.68,"6,852.3/sq mi (2,645.7/km2)",,1903
Gibbsboro,Borough,Camden,2189,2274,−3.7%,2.152,5.57,"1,017.2/sq mi (392.7/km2)",,1924
Glassboro,Borough,Gloucester,23149,18533,0.249,9.32,24.14,"2,483.8/sq mi (959.0/km2)",,1878
Glen Gardner,Borough,Hunterdon,1682,1704,−1.3%,1.548,4.01,"1,086.6/sq mi (419.5/km2)",,1919
Glen Ridge,Borough,Essex,7802,7527,0.037,1.275,3.3,"6,119.2/sq mi (2,362.6/km2)",,1895
Glen Rock,Borough,Bergen,12133,11601,0.046,2.703,7,"4,488.7/sq mi (1,733.1/km2)",,1894
Gloucester City,City,Camden,11484,11456,0.002,2.315,6,"4,960.7/sq mi (1,915.3/km2)",Special charter (New Jersey),1868
Gloucester Township,Township,Camden,66034,64634,0.022,22.954,59.45,"2,876.8/sq mi (1,110.7/km2)",Faulkner Act (mayor–council),1798
Green Brook Township,Township,Somerset,7281,7203,0.011,4.407,11.41,"1,652.1/sq mi (637.9/km2)",,1872[note 46]
Green Township,Township,Sussex,3627,3601,0.007,16.034,41.53,226.2/sq mi (87.3/km2),,1824
Greenwich Township,Township,Warren,5473,5712,−4.2%,10.581,27.4,517.2/sq mi (199.7/km2),,1798
Greenwich Township,Township,Gloucester,4917,4899,0.004,8.982,23.26,547.4/sq mi (211.4/km2),Faulkner Act (small municipality),1798
Greenwich Township,Township,Cumberland,771,804,−4.1%,17.772,46.03,43.4/sq mi (16.8/km2),,1798
Guttenberg,Town,Hudson,12017,11176,0.075,0.193,0.5,"62,264.2/sq mi (24,040.4/km2)",Town (New Jersey),1859
Hackensack,City,Bergen,46030,43010,0.07,4.191,10.85,"10,983.1/sq mi (4,240.6/km2)",1923 Municipal Manager Law,1693[note 8]
Hackettstown,Town,Warren,10248,9724,0.054,3.612,9.36,"2,837.2/sq mi (1,095.5/km2)",Special charter (New Jersey),1853
Haddon Heights,Borough,Camden,7495,7473,0.003,1.566,4.06,"4,786.1/sq mi (1,847.9/km2)",,1904
Haddon Township,Township,Camden,15407,14488,0.063,2.692,6.97,"5,723.3/sq mi (2,209.8/km2)",Walsh Act,1865
Haddonfield,Borough,Camden,12550,11593,0.083,2.796,7.24,"4,488.6/sq mi (1,733.0/km2)",Walsh Act,1875
Hainesport Township,Township,Burlington,6035,6110,−1.2%,6.47,16.76,932.8/sq mi (360.1/km2),,1924
Haledon,Borough,Passaic,9052,8318,0.088,1.215,3.15,"7,450.2/sq mi (2,876.5/km2)",,1908
Hamburg,Borough,Sussex,3266,3277,−0.3%,1.145,2.97,"2,852.4/sq mi (1,101.3/km2)",,1920
Hamilton Township,Township,Mercer,92297,88464,0.043,39.438,102.14,"2,340.3/sq mi (903.6/km2)",Faulkner Act (mayor–council),1842
Hamilton Township,Township,Atlantic,27484,26342,0.043,110.895,287.22,247.8/sq mi (95.7/km2),Township (New Jersey),1813
Hammonton,Town,Atlantic,14711,14756,−0.3%,40.749,105.54,361.0/sq mi (139.4/km2),Town (New Jersey),1866
Hampton Borough,Borough,Hunterdon,1438,1401,0.026,1.505,3.9,955.5/sq mi (368.9/km2),,1895[note 64]
Hampton Township,Township,Sussex,4893,5196,−5.8%,24.57,63.64,199.1/sq mi (76.9/km2),,1864
Hanover Township,Township,Morris,14677,13659,0.075,10.513,27.23,"1,396.1/sq mi (539.0/km2)",,1740
Harding Township,Township,Morris,3871,3838,0.009,20.054,51.94,193.0/sq mi (74.5/km2),,1922
Hardwick Township,Township,Warren,1598,1696,−5.8%,37.525,97.19,42.6/sq mi (16.4/km2),,1798
Hardyston Township,Township,Sussex,8125,8213,−1.1%,31.985,82.84,254.0/sq mi (98.1/km2),Special charter (New Jersey),1798
Harmony Township,Township,Warren,2503,2667,−6.1%,23.75,61.51,105.4/sq mi (40.7/km2),,1839
Harrington Park,Borough,Bergen,4741,4664,0.017,1.846,4.78,"2,568.3/sq mi (991.6/km2)",,1904
Harrison,Town,Hudson,19450,13574,0.433,1.211,3.14,"16,061.1/sq mi (6,201.2/km2)",Town (New Jersey),1840
Harrison Township,Township,Gloucester,13641,12411,0.099,18.932,49.03,720.5/sq mi (278.2/km2),,1844[note 32]
Harvey Cedars,Borough,Ocean,391,337,0.16,0.561,1.45,697.0/sq mi (269.1/km2),Walsh Act,1894
Hasbrouck Heights,Borough,Bergen,12125,11842,0.024,1.523,3.94,"7,961.3/sq mi (3,073.9/km2)",,1894
Haworth,Borough,Bergen,3343,3382,−1.2%,1.937,5.02,"1,725.9/sq mi (666.4/km2)",,1904
Hawthorne,Borough,Passaic,19637,18579,0.057,3.318,8.59,"5,918.3/sq mi (2,285.1/km2)",,1898
Hazlet,Township,Monmouth,20125,20249,−0.6%,5.569,14.42,"3,613.8/sq mi (1,395.3/km2)",,1848[note 24]
Helmetta,Borough,Middlesex,2455,2178,0.127,0.828,2.14,"2,965.0/sq mi (1,144.8/km2)",,1888
Hi-Nella,Borough,Camden,927,870,0.066,0.223,0.58,"4,157.0/sq mi (1,605.0/km2)",,1929
High Bridge,Borough,Hunterdon,3546,3648,−2.8%,2.391,6.19,"1,483.1/sq mi (572.6/km2)",,1871[note 59]
Highland Park,Borough,Middlesex,15072,13926,0.082,1.821,4.72,"8,276.8/sq mi (3,195.7/km2)",,1905
Highlands,Borough,Monmouth,4621,5005,−7.7%,0.74,1.92,"6,244.6/sq mi (2,411.1/km2)",Faulkner Act (small municipality),1900
Hightstown,Borough,Mercer,5900,5494,0.074,1.233,3.19,"4,785.1/sq mi (1,847.5/km2)",,1853
Hillsborough Township,Township,Somerset,43276,38303,0.13,54.614,141.45,792.4/sq mi (305.9/km2),Township (New Jersey),1771
Hillsdale,Borough,Bergen,10143,10219,−0.7%,2.902,7.52,"3,495.2/sq mi (1,349.5/km2)",,1898
Hillside,Township,Union,22456,21314,0.054,2.767,7.17,"8,115.6/sq mi (3,133.5/km2)",,1913
Ho-Ho-Kus,Borough,Bergen,4258,4078,0.044,1.739,4.5,"2,448.5/sq mi (945.4/km2)",,1908
Hoboken,City,Hudson,60419,50005,0.208,1.25,3.24,"48,335.2/sq mi (18,662.3/km2)",Faulkner Act (mayor–council),1849
Holland Township,Township,Hunterdon,5177,5291,−2.2%,23.469,60.78,220.6/sq mi (85.2/km2),,1874
Holmdel Township,Township,Monmouth,17400,16696,0.042,17.847,46.22,975.0/sq mi (376.4/km2),,1857
Hopatcong,Borough,Sussex,14362,14950,−3.9%,10.889,28.2,"1,318.9/sq mi (509.2/km2)",,1898[note 29]
Hope Township,Township,Warren,1835,1952,−6.0%,18.086,46.84,101.5/sq mi (39.2/km2),,1839
Hopewell Borough,Borough,Mercer,1918,1922,−0.2%,0.724,1.88,"2,649.2/sq mi (1,022.9/km2)",,1891
Hopewell Township,Township,Mercer,17491,16896,0.035,58.071,150.4,301.2/sq mi (116.3/km2),,1798
Hopewell Township,Township,Cumberland,4391,4571,−3.9%,29.89,77.41,146.9/sq mi (56.7/km2),,1798
Howell Township,Township,Monmouth,53537,51075,0.048,60.271,156.1,888.3/sq mi (343.0/km2),Faulkner Act (council–manager),1801
Independence Township,Township,Warren,5469,5662,−3.4%,19.83,51.36,275.8/sq mi (106.5/km2),,1798
Interlaken,Borough,Monmouth,828,820,0.01,0.331,0.86,"2,501.5/sq mi (965.8/km2)",,1922
Irvington,Township,Essex,61176,53926,0.134,2.914,7.55,"20,993.8/sq mi (8,105.8/km2)",Faulkner Act (mayor–council),1874
Island Heights,Borough,Ocean,1650,1673,−1.4%,0.609,1.58,"2,709.4/sq mi (1,046.1/km2)",Faulkner Act (small municipality),1887
Jackson Township,Township,Ocean,58544,54856,0.067,99.174,256.86,590.3/sq mi (227.9/km2),Faulkner Act (mayor–council),1844
Jamesburg,Borough,Middlesex,5783,5915,−2.2%,0.882,2.28,"6,556.7/sq mi (2,531.6/km2)",,1887
Jefferson Township,Township,Morris,20538,21085,−2.6%,38.903,100.76,527.9/sq mi (203.8/km2),,1804
Jersey City,City,Hudson,292449,247597,0.181,14.744,38.19,"19,835.1/sq mi (7,658.4/km2)",Faulkner Act (mayor–council),1838
Keansburg,Borough,Monmouth,9755,10105,−3.5%,1.072,2.78,"9,099.8/sq mi (3,513.5/km2)",Faulkner Act (council–manager),1917
Kearny,Town,Hudson,41999,40684,0.032,8.844,22.91,"4,748.9/sq mi (1,833.5/km2)",Town (New Jersey),1867
Kenilworth,Borough,Union,8427,7914,0.065,2.147,5.56,"3,925.0/sq mi (1,515.5/km2)",,1907
Keyport,Borough,Monmouth,7204,7240,−0.5%,1.381,3.58,"5,216.5/sq mi (2,014.1/km2)",,1908
Kingwood Township,Township,Hunterdon,3802,3845,−1.1%,35.006,90.67,108.6/sq mi (41.9/km2),,1798
Kinnelon,Borough,Morris,9966,10248,−2.8%,18.029,46.69,552.8/sq mi (213.4/km2),,1922
Knowlton Township,Township,Warren,2894,3055,−5.3%,24.724,64.03,117.1/sq mi (45.2/km2),,1798
Lacey Township,Township,Ocean,28655,27346,0.048,83.248,215.61,344.2/sq mi (132.9/km2),Township (New Jersey),1871
Lafayette Township,Township,Sussex,2358,2538,−7.1%,17.883,46.32,131.9/sq mi (50.9/km2),,1845
Lake Como,Borough,Monmouth,1697,1759,−3.5%,0.252,0.65,"6,734.1/sq mi (2,600.1/km2)",,1924[note 63]
Lakehurst,Borough,Ocean,2636,2654,−0.7%,0.895,2.32,"2,945.3/sq mi (1,137.2/km2)",,1921
Lakewood Township,Township,Ocean,135158,92843,0.456,24.681,63.92,"5,476.2/sq mi (2,114.4/km2)",Township (New Jersey),1892
Lambertville,City,Hunterdon,4139,3906,0.06,1.084,2.81,"3,818.3/sq mi (1,474.2/km2)",Faulkner Act (small municipality),1849
Laurel Springs,Borough,Camden,1978,1908,0.037,0.451,1.17,"4,385.8/sq mi (1,693.4/km2)",,1913
Lavallette,Borough,Ocean,1787,1875,−4.7%,0.816,2.11,"2,190.0/sq mi (845.5/km2)",,1887
Lawnside,Borough,Camden,2955,2945,0.003,1.43,3.7,"2,066.4/sq mi (797.9/km2)",,1926
Lawrence Township,Township,Mercer,33077,33472,−1.2%,21.725,56.27,"1,522.5/sq mi (587.9/km2)",Faulkner Act (council–manager),1798[note 10]
Lawrence Township,Township,Cumberland,3087,3290,−6.2%,36.923,95.63,83.6/sq mi (32.3/km2),,1885
Lebanon Borough,Borough,Hunterdon,1665,1358,0.226,0.902,2.34,"1,845.9/sq mi (712.7/km2)",,1926
Lebanon Township,Township,Hunterdon,6195,6588,−6.0%,31.429,81.4,197.1/sq mi (76.1/km2),,1798
Leonia,Borough,Bergen,9304,8937,0.041,1.523,3.94,"6,109.0/sq mi (2,358.7/km2)",,1894
Liberty Township,Township,Warren,2670,2942,−9.2%,11.667,30.22,228.9/sq mi (88.4/km2),,1926
Lincoln Park,Borough,Morris,10915,10521,0.037,6.398,16.57,"1,706.0/sq mi (658.7/km2)",,1922
Linden,City,Union,43738,40499,0.08,10.688,27.68,"4,092.3/sq mi (1,580.0/km2)",City (New Jersey),1925
Lindenwold,Borough,Camden,21641,17479,0.238,3.902,10.11,"5,546.1/sq mi (2,141.4/km2)",,1929
Linwood,City,Atlantic,6971,7092,−1.7%,3.811,9.87,"1,829.2/sq mi (706.2/km2)",City (New Jersey),1889[note 48]
Little Egg Harbor Township,Township,Ocean,20784,19722,0.054,47.346,122.63,439.0/sq mi (169.5/km2),,1798
Little Falls,Township,Passaic,13360,13982,−4.4%,2.795,7.24,"4,780.0/sq mi (1,845.6/km2)",,1868
Little Ferry,Borough,Bergen,10987,10626,0.034,1.477,3.83,"7,438.7/sq mi (2,872.1/km2)",,1894
Little Silver,Borough,Monmouth,6131,5950,0.03,2.712,7.02,"2,260.7/sq mi (872.9/km2)",,1923
Livingston,Township,Essex,31330,29366,0.067,13.785,35.7,"2,272.8/sq mi (877.5/km2)",Faulkner Act (council–manager),1813
Loch Arbour,Village,Monmouth,224,194,0.155,0.087,0.23,"2,574.7/sq mi (994.1/km2)",Walsh Act,1957
Lodi,Borough,Bergen,26206,23943,0.095,2.272,5.88,"11,534.3/sq mi (4,453.4/km2)",1923 Municipal Manager Law,1894
Logan Township,Township,Gloucester,6000,6042,−0.7%,21.928,56.79,273.6/sq mi (105.6/km2),Faulkner Act (small municipality),1877[note 50]
Long Beach Township,Township,Ocean,3153,3051,0.033,5.448,14.11,578.7/sq mi (223.5/km2),Walsh Act,1899
Long Branch,City,Monmouth,31667,30719,0.031,5.124,13.27,"6,180.1/sq mi (2,386.2/km2)",Faulkner Act (mayor–council),1867[note 12]
Long Hill Township,Township,Morris,8629,8702,−0.8%,11.797,30.55,731.5/sq mi (282.4/km2),,1866[note 41]
Longport,Borough,Atlantic,893,895,−0.2%,0.395,1.02,"2,260.8/sq mi (872.9/km2)",Walsh Act,1898
Lopatcong Township,Township,Warren,8776,8014,0.095,7.316,18.95,"1,199.6/sq mi (463.2/km2)",Faulkner Act (small municipality),1851
Lower Alloways Creek Township,Township,Salem,1717,1770,−3.0%,45.309,117.35,37.9/sq mi (14.6/km2),,1767
Lower Township,Township,Cape May,22057,22844,−3.4%,27.378,70.91,805.6/sq mi (311.1/km2),Faulkner Act (council–manager),1798
Lumberton,Township,Burlington,12803,12554,0.02,12.881,33.36,993.9/sq mi (383.8/km2),,1860
Lyndhurst,Township,Bergen,22519,20334,0.107,4.584,11.87,"4,912.5/sq mi (1,896.7/km2)",Walsh Act,1852[note 22]
Madison,Borough,Morris,16937,15817,0.071,4.313,11.17,"3,927.0/sq mi (1,516.2/km2)",,1889
Magnolia,Borough,Camden,4352,4341,0.003,0.978,2.53,"4,449.9/sq mi (1,718.1/km2)",,1915
Mahwah,Township,Bergen,25487,25850,−1.4%,25.392,65.76,"1,003.7/sq mi (387.5/km2)",Faulkner Act (mayor–council),1849[note 18]
Manalapan Township,Township,Monmouth,40905,38872,0.052,30.651,79.39,"1,334.5/sq mi (515.3/km2)",Township (New Jersey),1848
Manasquan,Borough,Monmouth,5938,5897,0.007,1.38,3.57,"4,302.9/sq mi (1,661.4/km2)",,1887
Manchester Township,Township,Ocean,45115,43070,0.047,81.417,210.87,554.1/sq mi (213.9/km2),Faulkner Act (mayor–council),1865
Mannington Township,Township,Salem,1475,1806,−18.3%,33.883,87.76,43.5/sq mi (16.8/km2),,1798
Mansfield Township,Township,Burlington,8897,8544,0.041,21.733,56.29,409.4/sq mi (158.1/km2),,1798
Mansfield Township,Township,Warren,7781,7725,0.007,29.586,76.63,263.0/sq mi (101.5/km2),,1798
Mantoloking,Borough,Ocean,331,296,0.118,0.386,1,857.5/sq mi (331.1/km2),,1911
Mantua Township,Township,Gloucester,15235,15147,0.006,16.005,41.45,951.9/sq mi (367.5/km2),,1853
Manville,Borough,Somerset,10953,10344,0.059,2.361,6.11,"4,639.1/sq mi (1,791.2/km2)",,1929
Maple Shade Township,Township,Burlington,19980,18911,0.057,3.827,9.91,"5,220.8/sq mi (2,015.8/km2)",Faulkner Act (council–manager),1798[note 25]
Maplewood,Township,Essex,25684,23594,0.089,3.874,10.03,"6,629.8/sq mi (2,559.8/km2)",,1861[note 17]
Margate City,City,Atlantic,5317,6354,−16.3%,1.416,3.67,"3,754.9/sq mi (1,449.8/km2)",Walsh Act,1885[note 53]
Marlboro Township,Township,Monmouth,41502,40191,0.033,30.34,78.58,"1,367.9/sq mi (528.1/km2)",Faulkner Act (mayor–council),1848
Matawan,Borough,Monmouth,9565,8810,0.086,2.266,5.87,"4,221.1/sq mi (1,629.8/km2)",,1895
Maurice River Township,Township,Cumberland,6218,7976,−22.0%,93.166,241.3,66.7/sq mi (25.8/km2),,1798
Maywood,Borough,Bergen,10080,9555,0.055,1.287,3.33,"7,832.2/sq mi (3,024.0/km2)",,1894
Medford,Township,Burlington,24497,22999,0.065,38.799,100.49,631.4/sq mi (243.8/km2),Faulkner Act (council–manager),1847
Medford Lakes,Borough,Burlington,4264,4146,0.028,1.14,2.95,"3,740.4/sq mi (1,444.2/km2)",1923 Municipal Manager Law,1939
Mendham Borough,Borough,Morris,4981,4981,0,5.931,15.36,839.8/sq mi (324.3/km2),,1906
Mendham Township,Township,Morris,6016,5869,0.025,17.784,46.06,338.3/sq mi (130.6/km2),,1798
Merchantville,Borough,Camden,3820,3821,0,0.593,1.54,"6,441.8/sq mi (2,487.2/km2)",,1874
Metuchen,Borough,Middlesex,15049,13478,0.117,2.849,7.38,"5,282.2/sq mi (2,039.5/km2)",,1900
Middle Township,Township,Cape May,20380,18791,0.085,70.238,181.92,290.2/sq mi (112.0/km2),,1798
Middlesex,Borough,Middlesex,14636,13620,0.075,3.488,9.03,"4,196.1/sq mi (1,620.1/km2)",,1913
Middletown Township,Township,Monmouth,67106,66522,0.009,40.949,106.06,"1,638.8/sq mi (632.7/km2)",Special charter (New Jersey),1798
Midland Park,Borough,Bergen,7014,7128,−1.6%,1.571,4.07,"4,464.7/sq mi (1,723.8/km2)",,1894
Milford,Borough,Hunterdon,1232,1233,−0.1%,1.182,3.06,"1,042.3/sq mi (402.4/km2)",,1911
Millburn,Township,Essex,21710,20065,0.082,9.333,24.17,"2,326.2/sq mi (898.1/km2)",,1857
Millstone Borough,Borough,Somerset,448,418,0.072,0.681,1.76,657.9/sq mi (254.0/km2),,1894
Millstone Township,Township,Monmouth,10376,10566,−1.8%,36.607,94.81,283.4/sq mi (109.4/km2),,1844
Milltown,Borough,Middlesex,7037,6893,0.021,1.554,4.02,"4,528.3/sq mi (1,748.4/km2)",,1889
Millville,City,Cumberland,27491,28370,−3.1%,41.999,108.78,654.6/sq mi (252.7/km2),Walsh Act,1801[note 16]
Mine Hill Township,Township,Morris,4015,3651,0.1,2.939,7.61,"1,366.1/sq mi (527.5/km2)",,1923
Monmouth Beach,Borough,Monmouth,3174,3279,−3.2%,1.042,2.7,"3,046.1/sq mi (1,176.1/km2)",Walsh Act,1906
Monroe Township,Township,Middlesex,48594,39132,0.242,41.943,108.63,"1,158.6/sq mi (447.3/km2)",Faulkner Act (mayor–council),1838
Monroe Township,Township,Gloucester,37117,36129,0.027,46.421,120.23,799.6/sq mi (308.7/km2),Faulkner Act (mayor–council),1859
Montague Township,Township,Sussex,3792,3847,−1.4%,45.231,117.15,83.8/sq mi (32.4/km2),,1798
Montclair,Township,Essex,40921,37669,0.086,6.238,16.16,"6,560.0/sq mi (2,532.8/km2)",Faulkner Act (council–manager),1868
Montgomery Township,Township,Somerset,23690,22185,0.068,32.3,83.66,733.4/sq mi (283.2/km2),,1798
Montvale,Borough,Bergen,8436,7844,0.075,4.023,10.42,"2,096.9/sq mi (809.6/km2)",,1894
Montville,Township,Morris,22450,21457,0.046,18.627,48.24,"1,205.2/sq mi (465.3/km2)",Special charter (New Jersey),1867
Moonachie,Borough,Bergen,3133,2708,0.157,1.73,4.48,"1,811.0/sq mi (699.2/km2)",,1910
Moorestown,Township,Burlington,21355,20554,0.039,14.729,38.15,"1,449.9/sq mi (559.8/km2)",Faulkner Act (council–manager),1922
Morris Plains,Borough,Morris,6153,5532,0.112,2.554,6.61,"2,409.2/sq mi (930.2/km2)",,1926
Morris Township,Township,Morris,22974,22254,0.032,15.682,40.62,"1,465.0/sq mi (565.6/km2)",,1798
Morristown,Town,Morris,20180,18392,0.097,2.909,7.53,"6,937.1/sq mi (2,678.4/km2)",Faulkner Act (mayor–council),1865
Mount Arlington,Borough,Morris,5909,5050,0.17,2.14,5.54,"2,761.2/sq mi (1,066.1/km2)",,1890
Mount Ephraim,Borough,Camden,4651,4676,−0.5%,0.884,2.29,"5,261.3/sq mi (2,031.4/km2)",Walsh Act,1926
Mount Holly,Township,Burlington,9981,9536,0.047,2.824,7.31,"3,534.3/sq mi (1,364.6/km2)",Faulkner Act (council–manager),1798[note 38]
Mount Laurel,Township,Burlington,44633,41864,0.066,21.724,56.26,"2,054.5/sq mi (793.3/km2)",Faulkner Act (council–manager),1872
Mount Olive Township,Township,Morris,28886,27935,0.034,29.617,76.71,975.3/sq mi (376.6/km2),Faulkner Act (mayor–council),1871
Mountain Lakes,Borough,Morris,4472,4160,0.075,2.641,6.84,"1,693.3/sq mi (653.8/km2)",,1924
Mountainside,Borough,Union,7020,6685,0.05,3.996,10.35,"1,756.8/sq mi (678.3/km2)",,1895
Mullica Township,Township,Atlantic,5816,6147,−5.4%,56.375,146.01,103.2/sq mi (39.8/km2),,1838
National Park,Borough,Gloucester,3026,3036,−0.3%,1.007,2.61,"3,005.0/sq mi (1,160.2/km2)",,1902
Neptune City,Borough,Monmouth,4626,4869,−5.0%,0.896,2.32,"5,162.9/sq mi (1,993.4/km2)",,1881
Neptune Township,Township,Monmouth,28061,27912,0.005,8.127,21.05,"3,452.8/sq mi (1,333.1/km2)",Township (New Jersey),1879
Netcong,Borough,Morris,3375,3232,0.044,0.833,2.16,"4,051.6/sq mi (1,564.3/km2)",,1894
New Brunswick,City,Middlesex,55266,55181,0.002,5.233,13.55,"10,561.1/sq mi (4,077.6/km2)",Faulkner Act (mayor–council),1784
New Hanover Township,Township,Burlington,6367,7385,−13.8%,22.334,57.84,285.1/sq mi (110.1/km2),,1798
New Milford,Borough,Bergen,16923,16264,0.041,2.283,5.91,"7,412.6/sq mi (2,862.0/km2)",,1922
New Providence,Borough,Union,13650,12171,0.122,3.688,9.55,"3,701.2/sq mi (1,429.0/km2)",,1899
Newark,City,Essex,311549,277140,0.124,24.144,62.53,"12,903.8/sq mi (4,982.2/km2)",Faulkner Act (mayor–council),1693[note 1]
Newfield,Borough,Gloucester,1774,1553,0.142,1.738,4.5,"1,020.7/sq mi (394.1/km2)",,1924
Newton,Town,Sussex,8374,7997,0.047,3.36,8.7,"2,492.3/sq mi (962.3/km2)",Faulkner Act (council–manager),1864
North Arlington,Borough,Bergen,16457,15311,0.075,2.484,6.43,"6,625.2/sq mi (2,558.0/km2)",,1896
North Bergen,Township,Hudson,63361,60773,0.043,5.136,13.3,"12,336.6/sq mi (4,763.2/km2)",Walsh Act,1843
North Brunswick,Township,Middlesex,43905,40742,0.078,12.032,31.16,"3,649.0/sq mi (1,408.9/km2)",Faulkner Act (mayor–council–administrator),1798
North Caldwell,Borough,Essex,6694,6183,0.083,3.068,7.95,"2,181.9/sq mi (842.4/km2)",,1898
North Haledon,Borough,Passaic,8927,8417,0.061,3.464,8.97,"2,577.1/sq mi (995.0/km2)",,1901
North Hanover Township,Township,Burlington,7963,7678,0.037,17.368,44.98,458.5/sq mi (177.0/km2),,1905
North Plainfield,Borough,Somerset,22808,21677,0.052,2.807,7.27,"8,125.4/sq mi (3,137.2/km2)",,1885
North Wildwood,City,Cape May,3621,4041,−10.4%,1.725,4.47,"2,099.1/sq mi (810.5/km2)",City (New Jersey),1885[note 58]
Northfield,City,Atlantic,8434,8624,−2.2%,3.582,9.28,"2,354.6/sq mi (909.1/km2)",City (New Jersey),1905
Northvale,Borough,Bergen,4761,4640,0.026,1.265,3.28,"3,763.6/sq mi (1,453.1/km2)",,1916
Norwood,Borough,Bergen,5641,5711,−1.2%,2.785,7.21,"2,025.5/sq mi (782.0/km2)",,1905
Nutley,Township,Essex,30143,28117,0.072,3.372,8.73,"8,939.2/sq mi (3,451.4/km2)",Walsh Act,1874[note 15]
Oakland,Borough,Bergen,12748,12754,0,8.502,22.02,"1,499.4/sq mi (578.9/km2)",,1902
Oaklyn,Borough,Camden,3930,4038,−2.7%,0.627,1.62,"6,267.9/sq mi (2,420.1/km2)",,1905
Ocean City,City,Cape May,11229,11701,−4.0%,6.753,17.49,"1,662.8/sq mi (642.0/km2)",,1884
Ocean Gate,Borough,Ocean,1932,2011,−3.9%,0.45,1.17,"4,293.3/sq mi (1,657.7/km2)",,1918
Ocean Township,Township,Monmouth,27672,27190,0.018,10.867,28.15,"2,546.4/sq mi (983.2/km2)",Faulkner Act (council–manager),1849
Ocean Township,Township,Ocean,8835,8332,0.06,20.866,54.04,423.4/sq mi (163.5/km2),,1876
Oceanport,Borough,Monmouth,6150,5832,0.055,3.172,8.22,"1,938.8/sq mi (748.6/km2)",,1920
Ogdensburg,Borough,Sussex,2258,2410,−6.3%,2.204,5.71,"1,024.5/sq mi (395.6/km2)",,1914
Old Bridge Township,Township,Middlesex,66876,65375,0.023,38.181,98.89,"1,751.6/sq mi (676.3/km2)",Faulkner Act (mayor–council),1869[note 7]
Old Tappan,Borough,Bergen,5888,5750,0.024,3.315,8.59,"1,776.2/sq mi (685.8/km2)",,1894
Oldmans Township,Township,Salem,1910,1773,0.077,19.51,50.53,97.9/sq mi (37.8/km2),,1881
Oradell,Borough,Bergen,8244,7978,0.033,2.411,6.24,"3,419.3/sq mi (1,320.2/km2)",,1894[note 42]
Orange,Township,Essex,34447,30134,0.143,2.213,5.73,"15,565.7/sq mi (6,010.0/km2)",Faulkner Act (mayor–council),1806
Oxford Township,Township,Warren,2444,2514,−2.8%,5.959,15.43,410.1/sq mi (158.4/km2),,1798
Palisades Park,Borough,Bergen,20292,19403,0.046,1.239,3.21,"16,377.7/sq mi (6,323.5/km2)",,1899
Palmyra,Borough,Burlington,7438,7398,0.005,1.849,4.79,"4,022.7/sq mi (1,553.2/km2)",,1894
Paramus,Borough,Bergen,26698,26164,0.02,10.445,27.05,"2,556.1/sq mi (986.9/km2)",Borough (New Jersey),1922
Park Ridge,Borough,Bergen,8883,8645,0.028,2.607,6.75,"3,407.4/sq mi (1,315.6/km2)",,1894
Parsippany-Troy Hills,Township,Morris,56162,53238,0.055,23.632,61.21,"2,376.5/sq mi (917.6/km2)",Faulkner Act (mayor–council),1928
Passaic,City,Passaic,70537,69781,0.011,3.133,8.11,"22,514.2/sq mi (8,692.8/km2)",Faulkner Act (mayor–council),1873
Paterson,City,Passaic,159732,146199,0.093,8.413,21.79,"18,986.3/sq mi (7,330.7/km2)",Faulkner Act (mayor–council),1831[note 2]
Paulsboro,Borough,Gloucester,6196,6097,0.016,1.924,4.98,"3,220.4/sq mi (1,243.4/km2)",,1904
Peapack and Gladstone,Borough,Somerset,2558,2582,−0.9%,5.733,14.85,446.2/sq mi (172.3/km2),Borough (New Jersey),1912
Pemberton Borough,Borough,Burlington,1371,1409,−2.7%,0.59,1.53,"2,323.7/sq mi (897.2/km2)",,1826
Pemberton Township,Township,Burlington,26903,27644,−2.7%,61.556,159.43,437.0/sq mi (168.7/km2),Faulkner Act (mayor–council),1846
Pennington,Borough,Mercer,2802,2585,0.084,0.961,2.49,"2,915.7/sq mi (1,125.8/km2)",,1890
Penns Grove,Borough,Salem,4837,5147,−6.0%,0.893,2.31,"5,416.6/sq mi (2,091.4/km2)",,1894
Pennsauken Township,Township,Camden,37074,35885,0.033,10.479,27.14,"3,537.9/sq mi (1,366.0/km2)",Township (New Jersey),1892
Pennsville Township,Township,Salem,12684,13332,−4.9%,21.266,55.08,596.4/sq mi (230.3/km2),,1798[note 36]
Pequannock Township,Township,Morris,15571,15392,0.012,6.787,17.58,"2,294.2/sq mi (885.8/km2)",Faulkner Act (council–manager),1798
Perth Amboy,City,Middlesex,55436,50814,0.091,4.662,12.07,"11,891.0/sq mi (4,591.2/km2)",Faulkner Act (mayor–council),1718
Phillipsburg,Town,Warren,15249,14791,0.031,3.191,8.26,"4,778.8/sq mi (1,845.1/km2)",,1861
Pilesgrove Township,Township,Salem,4183,4016,0.042,34.935,90.48,119.7/sq mi (46.2/km2),,1798
Pine Beach,Borough,Ocean,2139,2127,0.006,0.636,1.65,"3,363.2/sq mi (1,298.5/km2)",,1925
Pine Hill,Borough,Camden,10764,10245,0.051,4.866,12.6,"2,212.1/sq mi (854.1/km2)",,1929[note 37]
Piscataway,Township,Middlesex,60804,56044,0.085,18.794,48.68,"3,235.3/sq mi (1,249.2/km2)",Faulkner Act (mayor–council),1798
Pitman,Borough,Gloucester,8780,9011,−2.6%,2.218,5.74,"3,958.5/sq mi (1,528.4/km2)",,1905
Pittsgrove Township,Township,Salem,8777,9393,−6.6%,44.899,116.29,195.5/sq mi (75.5/km2),,1798
Plainfield,City,Union,54586,49808,0.096,5.959,15.43,"9,160.3/sq mi (3,536.8/km2)",Special charter (New Jersey),1869
Plainsboro Township,Township,Middlesex,24084,22866,0.053,11.738,30.4,"2,051.8/sq mi (792.2/km2)",,1919
Pleasantville,City,Atlantic,20629,20149,0.024,5.721,14.82,"3,605.8/sq mi (1,392.2/km2)",City (New Jersey),1889
Plumsted Township,Township,Ocean,8072,8421,−4.1%,39.137,101.36,206.2/sq mi (79.6/km2),,1845
Pohatcong Township,Township,Warren,3241,3339,−2.9%,13.37,34.63,242.4/sq mi (93.6/km2),Faulkner Act (small municipality),1882
Point Pleasant,Borough,Ocean,18941,18210,0.04,3.491,9.04,"5,425.7/sq mi (2,094.9/km2)",,1920
Point Pleasant Beach,Borough,Ocean,4766,4665,0.022,1.424,3.69,"3,346.9/sq mi (1,292.2/km2)",,1886
Pompton Lakes,Borough,Passaic,11127,11097,0.003,2.887,7.48,"3,854.2/sq mi (1,488.1/km2)",,1895
Port Republic,City,Atlantic,1101,1115,−1.3%,7.462,19.33,147.5/sq mi (57.0/km2),City (New Jersey),1905
Princeton,Borough,Mercer,30681,28400,0.08,17.946,46.48,"1,709.6/sq mi (660.1/km2)",Borough (New Jersey),1813/2013[note 14]
Prospect Park,Borough,Passaic,6372,5865,0.086,0.465,1.2,"13,703.2/sq mi (5,290.8/km2)",,1901
Quinton Township,Township,Salem,2580,2666,−3.2%,23.793,61.62,108.4/sq mi (41.9/km2),,1873
Rahway,City,Union,29556,27291,0.083,3.896,10.09,"7,586.2/sq mi (2,929.1/km2)",Faulkner Act (mayor–council),1858
Ramsey,Borough,Bergen,14798,14459,0.023,5.503,14.25,"2,689.1/sq mi (1,038.3/km2)",,1908
Randolph,Township,Morris,26504,25349,0.046,20.905,54.14,"1,267.8/sq mi (489.5/km2)",Faulkner Act (council–manager),1806
Raritan,Borough,Somerset,7835,6881,0.139,1.992,5.16,"3,933.2/sq mi (1,518.6/km2)",,1868[note 44]
Raritan Township,Township,Hunterdon,23447,21936,0.069,37.482,97.08,625.6/sq mi (241.5/km2),,1838
Readington Township,Township,Hunterdon,16128,16116,0.001,47.558,123.17,339.1/sq mi (130.9/km2),,1798
Red Bank,Borough,Monmouth,12936,12206,0.06,1.746,4.52,"7,408.9/sq mi (2,860.6/km2)",,1870
Ridgefield,Borough,Bergen,11501,11032,0.043,2.543,6.59,"4,522.6/sq mi (1,746.2/km2)",Walsh Act,1892
Ridgefield Park,Village,Bergen,13224,12729,0.039,1.705,4.42,"7,756.0/sq mi (2,994.6/km2)",,1892
Ridgewood,Village,Bergen,25979,24156,0.075,5.742,14.87,"4,524.4/sq mi (1,746.9/km2)",Faulkner Act (council–manager),1894
Ringwood,Borough,Passaic,11735,12228,−4.0%,25.588,66.27,458.6/sq mi (177.1/km2),Faulkner Act (council–manager),1918
River Edge,Borough,Bergen,12049,11340,0.063,1.833,4.75,"6,573.4/sq mi (2,538.0/km2)",,1894
River Vale,Township,Bergen,9909,9659,0.026,4.07,10.54,"2,434.6/sq mi (940.0/km2)",,1906
Riverdale,Borough,Morris,4107,3559,0.154,2.026,5.25,"2,027.1/sq mi (782.7/km2)",,1923
Riverside Township,Township,Burlington,8003,8079,−0.9%,1.484,3.84,"5,392.9/sq mi (2,082.2/km2)",,1895
Riverton,Borough,Burlington,2764,2779,−0.5%,0.662,1.71,"4,175.2/sq mi (1,612.1/km2)",,1893
Robbinsville Township,Township,Mercer,15476,13635,0.135,20.441,52.94,757.1/sq mi (292.3/km2),Faulkner Act (mayor–council),1859[note 28]
Rochelle Park,Township,Bergen,5814,5530,0.051,0.991,2.57,"5,866.8/sq mi (2,265.2/km2)",,1871[note 52]
Rockaway Borough,Borough,Morris,6598,6438,0.025,2.074,5.37,"3,181.3/sq mi (1,228.3/km2)",,1894
Rockaway Township,Township,Morris,25341,24136,0.05,41.733,108.09,607.2/sq mi (234.4/km2),Faulkner Act (mayor–council),1844
Rockleigh,Borough,Bergen,407,531,−23.4%,1.003,2.6,405.8/sq mi (156.7/km2),,1923
Rocky Hill,Borough,Somerset,743,682,0.089,0.611,1.58,"1,216.0/sq mi (469.5/km2)",,1889
Roosevelt,Borough,Monmouth,808,882,−8.4%,1.94,5.02,416.5/sq mi (160.8/km2),,1937[note 67]
Roseland,Borough,Essex,6299,5819,0.082,3.618,9.37,"1,741.0/sq mi (672.2/km2)",,1908
Roselle,Borough,Union,22695,20936,0.084,2.635,6.82,"8,612.9/sq mi (3,325.5/km2)",,1894
Roselle Park,Borough,Union,13967,13183,0.059,1.225,3.17,"11,401.6/sq mi (4,402.2/km2)",,1901
Roxbury,Township,Morris,22950,23033,−0.4%,20.852,54.01,"1,100.6/sq mi (424.9/km2)",Faulkner Act (council–manager),1798
Rumson,Borough,Monmouth,7343,7122,0.031,5.067,13.12,"1,449.2/sq mi (559.5/km2)",,1907
Runnemede,Borough,Camden,8324,8468,−1.7%,2.051,5.31,"4,058.5/sq mi (1,567.0/km2)",,1926
Rutherford,Borough,Bergen,18834,17892,0.053,2.781,7.2,"6,772.4/sq mi (2,614.8/km2)",,1881
Saddle Brook,Township,Bergen,14294,13642,0.048,2.692,6.97,"5,309.8/sq mi (2,050.1/km2)",,1716[note 31]
Saddle River,Borough,Bergen,3372,3152,0.07,4.916,12.73,685.9/sq mi (264.8/km2),,1894
Salem,City,Salem,5296,5146,0.029,2.344,6.07,"2,259.4/sq mi (872.4/km2)",City (New Jersey),1798[note 54]
Sandyston Township,Township,Sussex,1977,1998,−1.1%,41.303,106.97,47.9/sq mi (18.5/km2),,1798
Sayreville,Borough,Middlesex,45345,42704,0.062,15.83,41,"2,864.5/sq mi (1,106.0/km2)",Borough (New Jersey),1876[note 9]
Scotch Plains,Township,Union,24968,23385,0.068,9.021,23.36,"2,767.8/sq mi (1,068.6/km2)",Faulkner Act (council–manager),1878[note 20]
Sea Bright,Borough,Monmouth,1449,1412,0.026,0.72,1.86,"2,012.5/sq mi (777.0/km2)",,1889
Sea Girt,Borough,Monmouth,1866,1828,0.021,1.06,2.75,"1,760.4/sq mi (679.7/km2)",,1917
Sea Isle City,City,Cape May,2104,2114,−0.5%,2.204,5.71,954.6/sq mi (368.6/km2),Walsh Act,1882
Seaside Heights,Borough,Ocean,2440,2887,−15.5%,0.617,1.6,"3,954.6/sq mi (1,526.9/km2)",,1913
Seaside Park,Borough,Ocean,1436,1579,−9.1%,0.655,1.7,"2,192.4/sq mi (846.5/km2)",,1898
Secaucus,Town,Hudson,22181,16198,0.369,5.826,15.09,"3,807.2/sq mi (1,470.0/km2)",Town (New Jersey),1900
Shamong Township,Township,Burlington,6460,6490,−0.5%,44.452,115.13,145.3/sq mi (56.1/km2),,1852
Shiloh,Borough,Cumberland,444,516,−14.0%,1.203,3.12,369.1/sq mi (142.5/km2),,1929
Ship Bottom,Borough,Ocean,1098,1156,−5.0%,0.712,1.84,"1,542.1/sq mi (595.4/km2)",,1925[note 66]
Shrewsbury Borough,Borough,Monmouth,4184,3809,0.098,2.161,5.6,"1,936.1/sq mi (747.5/km2)",,1926
Shrewsbury Township,Township,Monmouth,1076,1141,−5.7%,0.099,0.26,"10,868.7/sq mi (4,196.4/km2)",,1798
Somerdale,Borough,Camden,5566,5151,0.081,1.392,3.61,"3,998.6/sq mi (1,543.9/km2)",,1929
Somers Point,City,Atlantic,10469,10795,−3.0%,4.01,10.39,"2,610.7/sq mi (1,008.0/km2)",City (New Jersey),1886
Somerville,Borough,Somerset,12346,12098,0.02,2.338,6.06,"5,280.6/sq mi (2,038.8/km2)",,1863
South Amboy,City,Middlesex,9411,8631,0.09,1.538,3.98,"6,119.0/sq mi (2,362.6/km2)",,1798
South Bound Brook,Borough,Somerset,4863,4563,0.066,0.645,1.67,"7,539.5/sq mi (2,911.0/km2)",,1907
South Brunswick,Township,Middlesex,47043,43417,0.084,40.614,105.19,"1,158.3/sq mi (447.2/km2)",Faulkner Act (council–manager),1798
South Hackensack,Township,Bergen,2701,2378,0.136,0.717,1.86,"3,767.1/sq mi (1,454.5/km2)",,1935
South Harrison Township,Township,Gloucester,3395,3162,0.074,15.895,41.17,213.6/sq mi (82.5/km2),,1883
South Orange,Township,Essex,18484,16126,0.146,2.846,7.37,"6,494.7/sq mi (2,507.6/km2)",Special charter (New Jersey),1869
South Plainfield,Borough,Middlesex,24338,23324,0.043,8.296,21.49,"2,933.7/sq mi (1,132.7/km2)",,1926
South River,Borough,Middlesex,16118,15845,0.017,2.785,7.21,"5,787.4/sq mi (2,234.5/km2)",,1898
South Toms River,Borough,Ocean,3643,3684,−1.1%,1.157,3,"3,148.7/sq mi (1,215.7/km2)",,1927
Southampton Township,Township,Burlington,10317,10464,−1.4%,43.957,113.85,234.7/sq mi (90.6/km2),,1845
Sparta,Township,Sussex,19600,19622,−0.1%,36.788,95.28,532.8/sq mi (205.7/km2),Faulkner Act (council–manager),1845
Spotswood,Borough,Middlesex,8163,8257,−1.1%,2.307,5.98,"3,538.4/sq mi (1,366.2/km2)",,1908
Spring Lake,Borough,Monmouth,2789,2993,−6.8%,1.332,3.45,"2,093.8/sq mi (808.4/km2)",,1892
Spring Lake Heights,Borough,Monmouth,4890,4713,0.038,1.295,3.35,"3,776.1/sq mi (1,457.9/km2)",,1927
Springfield Township,Township,Union,17178,15569,0.103,5.157,13.36,"3,331.0/sq mi (1,286.1/km2)",,1798
Springfield Township,Township,Burlington,3245,3414,−5.0%,29.512,76.44,110.0/sq mi (42.5/km2),Faulkner Act (council–manager),1798
Stafford Township,Township,Ocean,28617,26503,0.08,46.114,119.43,620.6/sq mi (239.6/km2),Faulkner Act (small municipality),1798
Stanhope,Borough,Sussex,3526,3610,−2.3%,1.838,4.76,"1,918.4/sq mi (740.7/km2)",,1904
Stillwater Township,Township,Sussex,4004,4099,−2.3%,26.924,69.73,148.7/sq mi (57.4/km2),,1824
Stockton,Borough,Hunterdon,495,538,−8.0%,0.546,1.41,906.6/sq mi (350.0/km2),,1898
Stone Harbor,Borough,Cape May,796,866,−8.1%,1.42,3.68,560.6/sq mi (216.4/km2),,1914
Stow Creek Township,Township,Cumberland,1312,1431,−8.3%,18.266,47.31,71.8/sq mi (27.7/km2),,1798
Stratford,Borough,Camden,6981,7040,−0.8%,1.57,4.07,"4,446.5/sq mi (1,716.8/km2)",,1925
Summit,City,Union,22719,21404,0.061,5.994,15.52,"3,790.3/sq mi (1,463.4/km2)",City (New Jersey),1899
Surf City,Borough,Ocean,1243,1205,0.032,0.744,1.93,"1,670.7/sq mi (645.1/km2)",,1894[note 65]
Sussex,Borough,Sussex,2024,2130,−5.0%,0.593,1.54,"3,413.2/sq mi (1,317.8/km2)",,1891[note 62]
Swedesboro,Borough,Gloucester,2711,2584,0.049,0.731,1.89,"3,708.6/sq mi (1,431.9/km2)",,1902
Tabernacle Township,Township,Burlington,6776,6949,−2.5%,49.202,127.43,137.7/sq mi (53.2/km2),,1901
Tavistock,Borough,Camden,9,5,0.8,0.273,0.71,33.0/sq mi (12.7/km2),Walsh Act,1921
Teaneck,Township,Bergen,41246,39776,0.037,6.041,15.65,"6,827.7/sq mi (2,636.2/km2)",Faulkner Act (council–manager),1895
Tenafly,Borough,Bergen,15409,14473,0.065,4.586,11.88,"3,360.0/sq mi (1,297.3/km2)",Special charter (New Jersey),1894
Teterboro,Borough,Bergen,61,67,−9.0%,1.107,2.87,55.1/sq mi (21.3/km2),1923 Municipal Manager Law,1917
Tewksbury Township,Township,Hunterdon,5870,5993,−2.1%,31.645,81.96,185.5/sq mi (71.6/km2),,1798
Tinton Falls,Borough,Monmouth,19181,17613,0.089,15.475,40.08,"1,239.5/sq mi (478.6/km2)",,1950[note 27]
Toms River,Township,Ocean,95438,91239,0.046,40.541,105,"2,354.1/sq mi (908.9/km2)",Faulkner Act (mayor–council),1798[note 4]
Totowa,Borough,Passaic,11065,10804,0.024,4,10.36,"2,766.3/sq mi (1,068.1/km2)",,1898
Trenton,City,Mercer,90871,84913,0.07,7.579,19.63,"11,989.8/sq mi (4,629.3/km2)",Faulkner Act (mayor–council),1792
Tuckerton,Borough,Ocean,3577,3347,0.069,3.362,8.71,"1,064.0/sq mi (410.8/km2)",,1901
Union Beach,Borough,Monmouth,5723,6245,−8.4%,1.782,4.62,"3,211.6/sq mi (1,240.0/km2)",,1925
Union City,City,Hudson,68589,66455,0.032,1.287,3.33,"53,293.7/sq mi (20,576.8/km2)",Walsh Act,1925
Union Township,Township,Union,59728,56642,0.054,9.051,23.44,"6,599.0/sq mi (2,547.9/km2)",Township (New Jersey),1808
Union Township,Township,Hunterdon,6507,5908,0.101,18.765,48.6,346.8/sq mi (133.9/km2),,1853
Upper Deerfield Township,Township,Cumberland,7645,7660,−0.2%,31.241,80.91,244.7/sq mi (94.5/km2),,1922
Upper Freehold Township,Township,Monmouth,7273,6902,0.054,46.476,120.37,156.5/sq mi (60.4/km2),,1798
Upper Pittsgrove Township,Township,Salem,3432,3505,−2.1%,40.242,104.23,85.3/sq mi (32.9/km2),,1846
Upper Saddle River,Borough,Bergen,8353,8208,0.018,5.253,13.61,"1,590.1/sq mi (614.0/km2)",,1894
Upper Township,Township,Cape May,12539,12307,0.019,62.027,160.65,202.2/sq mi (78.1/km2),,1798
Ventnor City,City,Atlantic,9210,10650,−13.5%,1.955,5.06,"4,711.0/sq mi (1,818.9/km2)",Walsh Act,1903
Vernon Township,Township,Sussex,22358,23867,−6.3%,67.595,175.07,330.8/sq mi (127.7/km2),Faulkner Act (mayor–council)[7],1798
Verona,Township,Essex,14572,13297,0.096,2.794,7.24,"5,215.5/sq mi (2,013.7/km2)",Faulkner Act (council–manager),1907
Victory Gardens,Borough,Morris,1582,1520,0.041,0.145,0.38,"10,910.3/sq mi (4,212.5/km2)",,1951
Vineland,City,Cumberland,60780,60724,0.001,68.393,177.14,888.7/sq mi (343.1/km2),Faulkner Act (mayor–council),1952
Voorhees Township,Township,Camden,31069,29131,0.067,11.471,29.71,"2,708.5/sq mi (1,045.8/km2)",Township (New Jersey),1899
Waldwick,Borough,Bergen,10058,9625,0.045,2.046,5.3,"4,915.9/sq mi (1,898.1/km2)",,1919
Wall Township,Township,Monmouth,26525,25890,0.025,30.659,79.41,865.2/sq mi (334.0/km2),Township (New Jersey),1851
Wallington,Borough,Bergen,11868,11335,0.047,0.994,2.57,"11,939.6/sq mi (4,609.9/km2)",,1894
Walpack Township,Township,Sussex,7,16,−56.2%,24.171,62.6,0.3/sq mi (0.1/km2),Township (New Jersey),1798
Wanaque,Borough,Passaic,11317,11116,0.018,8.066,20.89,"1,403.0/sq mi (541.7/km2)",,1918
Wantage Township,Township,Sussex,10811,11358,−4.8%,66.76,172.91,161.9/sq mi (62.5/km2),,1798
Warren Township,Township,Somerset,15923,15217,0.046,19.566,50.68,813.8/sq mi (314.2/km2),,1806
Washington Borough,Borough,Warren,7299,6461,0.13,1.965,5.09,"3,714.5/sq mi (1,434.2/km2)",Faulkner Act (council–manager),1868
Washington Township,Township,Gloucester,48677,48559,0.002,21.346,55.29,"2,280.4/sq mi (880.5/km2)",Faulkner Act (mayor–council),1836
Washington Township,Township,Morris,18197,18411,−1.2%,44.582,115.47,408.2/sq mi (157.6/km2),,1798
Washington Township,Township,Bergen,9285,9102,0.02,2.953,7.65,"3,144.3/sq mi (1,214.0/km2)",,1840
Washington Township,Township,Warren,6492,6651,−2.4%,17.961,46.52,361.4/sq mi (139.6/km2),,1849
Washington Township,Township,Burlington,693,687,0.009,101.661,263.3,6.8/sq mi (2.6/km2),,1802
Watchung,Borough,Somerset,6449,5801,0.112,6.016,15.58,"1,072.0/sq mi (413.9/km2)",,1926
Waterford Township,Township,Camden,10421,10649,−2.1%,36.002,93.24,289.5/sq mi (111.8/km2),,1798
Wayne,Township,Passaic,54838,54717,0.002,23.722,61.44,"2,311.7/sq mi (892.5/km2)",Faulkner Act (mayor–council),1847
Weehawken,Township,Hudson,17197,12417,0.385,0.784,2.03,"21,934.9/sq mi (8,469.1/km2)",Faulkner Act (council–manager),1859
Wenonah,Borough,Gloucester,2283,2278,0.002,0.996,2.58,"2,292.2/sq mi (885.0/km2)",,1883
West Amwell Township,Township,Hunterdon,3005,3840,−21.7%,21.647,56.07,138.8/sq mi (53.6/km2),,1846
West Caldwell,Township,Essex,11012,10759,0.024,5.097,13.2,"2,160.5/sq mi (834.2/km2)",,1904
West Cape May,Borough,Cape May,1010,1024,−1.4%,1.173,3.04,861.0/sq mi (332.4/km2),Walsh Act,1884
West Deptford Township,Township,Gloucester,22197,21528,0.031,15.357,39.77,"1,445.4/sq mi (558.1/km2)",,1871
West Long Branch,Borough,Monmouth,8587,8097,0.061,2.856,7.4,"3,006.7/sq mi (1,160.9/km2)",,1908
West Milford,Township,Passaic,24862,25734,−3.4%,75.932,196.66,327.4/sq mi (126.4/km2),Faulkner Act (mayor–council–administrator),1834
West New York,Town,Hudson,52912,49708,0.064,0.994,2.57,"53,231.4/sq mi (20,552.8/km2)",Walsh Act,1898
West Orange,Township,Essex,48843,46207,0.057,12.003,31.09,"4,069.2/sq mi (1,571.1/km2)",Faulkner Act (mayor–council),1863
West Wildwood,Borough,Cape May,540,603,−10.4%,0.286,0.74,"1,888.1/sq mi (729.0/km2)",Walsh Act,1920
West Windsor,Township,Mercer,29518,27147,0.087,25.549,66.17,"1,155.3/sq mi (446.1/km2)",Faulkner Act (mayor–council),1798
Westampton,Township,Burlington,9121,8813,0.035,10.974,28.42,831.1/sq mi (320.9/km2),,1850
Westfield,Town,Union,31032,30316,0.024,6.724,17.42,"4,615.1/sq mi (1,781.9/km2)",Special charter (New Jersey),1798[note 13]
Westville,Borough,Gloucester,4264,4288,−0.6%,1.024,2.65,"4,164.1/sq mi (1,607.8/km2)",,1914
Westwood,Borough,Bergen,11282,10908,0.034,2.259,5.85,"4,994.2/sq mi (1,928.3/km2)",,1894
Weymouth Township,Township,Atlantic,2614,2715,−3.7%,11.822,30.62,221.1/sq mi (85.4/km2),,1798
Wharton,Borough,Morris,7241,6522,0.11,2.072,5.37,"3,494.7/sq mi (1,349.3/km2)",,1895[note 47]
White Township,Township,Warren,4606,4882,−5.7%,27.366,70.88,168.3/sq mi (65.0/km2),,1913
Wildwood,City,Cape May,5157,5325,−3.2%,1.541,3.99,"3,346.5/sq mi (1,292.1/km2)",Walsh Act,1895[note 55]
Wildwood Crest,Borough,Cape May,3101,3270,−5.2%,1.298,3.36,"2,389.1/sq mi (922.4/km2)",Walsh Act,1910
Willingboro Township,Township,Burlington,31889,31629,0.008,7.725,20.01,"4,128.0/sq mi (1,593.8/km2)",Faulkner Act (council–manager),1798
Winfield Township,Township,Union,1423,1471,−3.3%,0.181,0.47,"7,861.9/sq mi (3,035.5/km2)",,1941
Winslow Township,Township,Camden,39907,39499,0.01,57.417,148.71,695.0/sq mi (268.4/km2),Township (New Jersey),1845
Wood-Ridge,Borough,Bergen,10137,7626,0.329,1.114,2.89,"9,099.6/sq mi (3,513.4/km2)",,1894
Woodbine,Borough,Cape May,2128,2472,−13.9%,8.019,20.77,265.4/sq mi (102.5/km2),,1903
Woodbridge Township,Township,Middlesex,103639,99585,0.041,23.258,60.24,"4,456.1/sq mi (1,720.5/km2)",Faulkner Act (mayor–council),1798
Woodbury,City,Gloucester,9963,10174,−2.1%,2.02,5.23,"4,932.2/sq mi (1,904.3/km2)",City (New Jersey),1854
Woodbury Heights,Borough,Gloucester,3098,3055,0.014,1.246,3.23,"2,486.4/sq mi (960.0/km2)",,1915
Woodcliff Lake,Borough,Bergen,6128,5730,0.069,3.376,8.74,"1,815.2/sq mi (700.8/km2)",,1894[note 49]
Woodland Park,Borough,Passaic,13484,11819,0.141,2.939,7.61,"4,588.0/sq mi (1,771.4/km2)",Faulkner Act (small municipality),1914[note 33]
Woodland Township,Township,Burlington,1544,1788,−13.6%,92.638,239.93,16.7/sq mi (6.4/km2),,1866
Woodlynne,Borough,Camden,2902,2978,−2.6%,0.218,0.56,"13,311.9/sq mi (5,139.8/km2)",,1901
Woodstown,Borough,Salem,3678,3505,0.049,1.575,4.08,"2,335.2/sq mi (901.6/km2)",,1882
Woolwich Township,Township,Gloucester,12577,10200,0.233,21.072,54.58,596.9/sq mi (230.4/km2),,1798
Wrightstown,Borough,Burlington,720,802,−10.2%,1.85,4.79,389.2/sq mi (150.3/km2),,1918
Wyckoff,Township,Bergen,16585,16635,−0.3%,6.591,17.07,"2,516.3/sq mi (971.6/km2)",,1926