Name,Type,County,Population 2020,Population 2010,Land Area (mi^2),,,,,
Newark City,City,Essex,"311,549","277,140",24.144,,,,,
Jersey City,City,Hudson,"292,449","247,597",14.744,,,,,
Paterson City,City,Passaic,"159,732","146,199",8.413,,,,,
Elizabeth City,City,Union,"137,298","124,969",12.319,,,,,
Lakewood Township,Township,Ocean,"135,158","92,843",24.681,,,,,
Edison Township,Township,Middlesex,"107,588","99,967",30.068,,,,,
Woodbridge Township,Township,Middlesex,"103,639","99,585",23.258,,,,,
Toms River Township,Township,Ocean,"95,438","91,239",40.541,,,,,
Hamilton Township,Township,Mercer,"92,297","88,464",39.438,,,,,
Trenton City,City,Mercer,"90,871","84,913",7.579,,,,,
Clifton City,City,Passaic,"90,296","84,136",11.275,,,,,
Cherry Hill Township,Township,Camden,"74,553","71,045",24.072,,,,,
Brick Township,Township,Ocean,"73,620","75,072",25.587,,,,,
Camden City,City,Camden,"71,791","77,344",8.921,,,,,
Bayonne City,City,Hudson,"71,686","63,024",5.821,,,,,
Passaic City,City,Passaic,"70,537","69,781",3.133,,,,,
East Orange City,City,Essex,"69,612","64,270",3.928,,,,,
Union City,City,Hudson,"68,589","66,455",1.287,,,,,
Franklin Township,Township,Somerset,"68,364","62,300",46.17,,,,,
Middletown Township,Township,Monmouth,"67,106","66,522",40.949,,,,,
Old Bridge Township,Township,Middlesex,"66,876","65,375",38.181,,,,,
Gloucester Township,Township,Camden,"66,034","64,634",22.954,,,,,
North Bergen Township,Township,Hudson,"63,361","60,773",5.136,,,,,
Irvington Township,Township,Essex,"61,176","53,926",2.914,,,,,
Piscataway Township,Township,Middlesex,"60,804","56,044",18.794,,,,,
Vineland City,City,Cumberland,"60,780","60,724",68.393,,,,,
Hoboken City,City,Hudson,"60,419","50,005",1.25,,,,,
Union Township,Township,Union,"59,728","56,642",9.051,,,,,
Jackson Township,Township,Ocean,"58,544","54,856",99.174,,,,,
Parsippany-Troy Hills Township,Township,Morris,"56,162","53,238",23.632,,,,,
Perth Amboy City,City,Middlesex,"55,436","50,814",4.662,,,,,
New Brunswick City,City,Middlesex,"55,266","55,181",5.233,,,,,
Wayne Township,Township,Passaic,"54,838","54,717",23.722,,,,,
Plainfield City,City,Union,"54,586","49,808",5.959,,,,,
Howell Township,Township,Monmouth,"53,537","51,075",60.271,,,,,
Bloomfield Township,Township,Essex,"53,105","47,315",5.337,,,,,
West New York Township,Town,Hudson,"52,912","49,708",0.994,,,,,
East Brunswick Township,Township,Middlesex,"49,715","47,512",21.784,,,,,
West Orange Township,Township,Essex,"48,843","46,207",12.003,,,,,
Washington Township,Township,Gloucester,"48,677","48,559",21.346,,,,,
Monroe Township,Township,Middlesex,"48,594","39,132",41.943,,,,,
Egg Harbor Township,Township,Atlantic,"47,842","43,323",67.047,,,,,
South Brunswick Township ,Township,Middlesex,"47,043","43,417",40.614,,,,,
Evesham Township,Township,Burlington,"46,826","45,538",29.156,,,,,
Hackensack City,City,Bergen,"46,030","43,010",4.191,,,,,
Bridgewater Township,Township,Somerset,"45,977","44,464",31.888,,,,,
Sayreville Borough,Borough,Middlesex,"45,345","42,704",15.83,,,,,
Manchester Township,Township,Ocean,"45,115","43,070",81.417,,,,,
Mount Laurel Township,Township,Burlington,"44,633","41,864",21.724,,,,,
North Brunswick Township,Township,Middlesex,"43,905","40,742",12.032,,,,,
Berkeley Township,Township,Ocean,"43,754","41,255",42.71,,,,,
Linden City,City,Union,"43,738","40,499",10.688,,,,,
Hillsborough Township,Township,Somerset,"43,276","38,303",54.614,,,,,
Kearny Township,Town,Hudson,"41,999","40,684",8.844,,,,,
Marlboro Township,Township,Monmouth,"41,502","40,191",30.34,,,,,
Teaneck Township,Township,Bergen,"41,246","39,776",6.041,,,,,
Montclair Township,Township,Essex,"40,921","37,669",6.238,,,,,
Manalapan Township Township,Township,Monmouth,"40,905","38,872",30.651,,,,,
Fort Lee Borough,Borough,Bergen,"40,191","35,345",2.518,,,,,
Winslow Township,Township,Camden,"39,907","39,499",57.417,,,,,
Atlantic City,City,Atlantic,"38,497","39,558",10.76,,,,,
Belleville Township,Township,Essex,"38,222","35,926",3.296,,,,,
Galloway Township,Township,Atlantic,"37,813","37,349",88.668,,,,,
Ewing Township,Township,Mercer,"37,264","35,790",15.206,,,,,
Monroe Township,Township,Gloucester,"37,117","36,129",46.421,,,,,
Pennsauken Township,Township,Camden,"37,074","35,885",10.479,,,,,
Freehold Township,Township,Monmouth,"35,369","36,184",38.653,,,,,
Fair Lawn Borough,Borough,Bergen,"34,927","32,457",5.135,,,,,
Orange Township,Township,Essex,"34,447","30,134",2.213,,,,,
Lawrence Township,Township,Mercer,"33,077","33,472",21.725,,,,,
Garfield City,City,Bergen,"32,655","30,487",2.111,,,,,
Deptford Township,Township,Gloucester,"31,977","30,561",17.331,,,,,
Willingboro Township,Township,Burlington,"31,889","31,629",7.725,,,,,
Long Branch City,City,Monmouth,"31,667","30,719",5.124,,,,,
Livingston Township,Township,Essex,"31,330","29,366",13.785,,,,,
Voorhees Township,Township,Camden,"31,069","29,131",11.471,,,,,
Westfield Township,Town,Union,"31,032","30,316",6.724,,,,,
Princeton Borough,Borough,Mercer,"30,681","28,400",17.946,,,,,
Nutley Township,Township,Essex,"30,143","28,117",3.372,,,,,
East Windsor Township,Township,Mercer,"30,045","27,165",15.567,,,,,
Rahway City,City,Union,"29,556","27,291",3.896,,,,,
West Windsor Township,Township,Mercer,"29,518","27,147",25.549,,,,,
Englewood City,City,Bergen,"29,308","26,764",4.925,,,,,
Mount Olive Township,Township,Morris,"28,886","27,935",29.617,,,,,
Lacey Township,Township,Ocean,"28,655","27,346",83.248,,,,,
Stafford Township,Township,Ocean,"28,617","26,503",46.114,,,,,
Bergenfield Borough,Borough,Bergen,"28,321","26,652",2.904,,,,,
Neptune Township,Township,Monmouth,"28,061","27,912",8.127,,,,,
Bernards Township,Township,Somerset,"27,830","26,535",24.201,,,,,
Ocean Township,Township,Monmouth,"27,672","27,190",10.867,,,,,
Millville City,City,Cumberland,"27,491","28,370",41.999,,,,,
Hamilton Township,Township,Atlantic,"27,484","26,342",110.895,,,,,
Bridgeton City,City,Cumberland,"27,263","24,958",6.228,,,,,
Pemberton Township,Township,Burlington,"26,903","27,644",61.556,,,,,
Paramus Borough,Borough,Bergen,"26,698","26,164",10.445,,,,,
Wall Township,Township,Monmouth,"26,525","25,890",30.659,,,,,
Randolph Township,Township,Morris,"26,504","25,349",20.905,,,,,
Lodi Borough,Borough,Bergen,"26,206","23,943",2.272,,,,,
Ridgewood Borough,Village,Bergen,"25,979","24,156",5.742,,,,,
Cliffside Park Borough,Borough,Bergen,"25,693","23,510",0.956,,,,,
Maplewood Township,Township,Essex,"25,684","23,594",3.874,,,,,
Mahwah Township,Township,Bergen,"25,487","25,850",25.392,,,,,
Rockaway Township,Township,Morris,"25,341","24,136",41.733,,,,,
Carteret Borough,Borough,Middlesex,"25,326","22,625",4.391,,,,,
Scotch Plains Township,Township,Union,"24,968","23,385",9.021,,,,,
West Milford Township,Township,Passaic,"24,862","25,734",75.932,,,,,
Medford Township,Township,Burlington,"24,497","22,999",38.799,,,,,
South Plainfield Borough,Borough,Middlesex,"24,338","23,324",8.296,,,,,
Barnegat Township,Township,Ocean,"24,296","20,726",34.239,,,,,
Plainsboro Township,Township,Middlesex,"24,084","22,866",11.738,,,,,
Burlington Township,Township,Burlington,"23,983","22,306",13.476,,,,,
Cranford Township,Township,Union,"23,847","22,594",4.835,,,,,
Montgomery Township,Township,Somerset,"23,690","22,185",32.3,,,,,
Raritan Township,Township,Hunterdon,"23,447","21,936",37.482,,,,,
Glassboro Borough,Borough,Gloucester,"23,149","18,533",9.32,,,,,
Morris Township,Township,Morris,"22,974","22,254",15.682,,,,,
Roxbury Township,Township,Morris,"22,950","23,033",20.852,,,,,
North Plainfield Borough,Borough,Somerset,"22,808","21,677",2.807,,,,,
Summit City,City,Union,"22,719","21,404",5.994,,,,,
Roselle Borough,Borough,Union,"22,695","20,936",2.635,,,,,
Lyndhurst Township,Township,Bergen,"22,519","20,334",4.584,,,,,
Hillside Township,Township,Union,"22,456","21,314",2.767,,,,,
Montville Township,Township,Morris,"22,450","21,457",18.627,,,,,
Vernon Township,Township,Sussex,"22,358","23,867",67.595,,,,,
West Deptford Township,Township,Gloucester,"22,197","21,528",15.357,,,,,
Secaucus Township,Town,Hudson,"22,181","16,198",5.826,,,,,
Lower Township,Township,Cape May,"22,057","22,844",27.378,,,,,
Millburn Township,Township,Essex,"21,710","20,065",9.333,,,,,
Lindenwold Borough,Borough,Camden,"21,641","17,479",3.902,,,,,
Elmwood Park Borough,Borough,Bergen,"21,422","19,131",2.643,,,,,
Moorestown Township,Township,Burlington,"21,355","20,554",14.729,,,,,
Little Egg Harbor Township,Township,Ocean,"20,784","19,722",47.346,,,,,
Pleasantville City,City,Atlantic,"20,629","20,149",5.721,,,,,
Jefferson Township,Township,Morris,"20,538","21,085",38.903,,,,,
Middle Township,Township,Cape May,"20,380","18,791",70.238,,,,,
Palisades Park Borough,Borough,Bergen,"20,292","19,403",1.239,,,,,
Morristown Township,Town,Morris,"20,180","18,392",2.909,,,,,
Hazlet Township,Township,Monmouth,"20,125","20,249",5.569,,,,,
Maple Shade Township,Township,Burlington,"19,980","18,911",3.827,,,,,
Hawthorne Borough,Borough,Passaic,"19,637","18,579",3.318,,,,,
Sparta Township,Township,Sussex,"19,600","19,622",36.788,,,,,
Harrison Township,Town,Hudson,"19,450","13,574",1.211,,,,,
Aberdeen Township,Township,Monmouth,"19,329","18,157",5.444,,,,,
Tinton Falls Borough,Borough,Monmouth,"19,181","17,613",15.475,,,,,
Point Pleasant Borough,Borough,Ocean,"18,941","18,210",3.491,,,,,
Rutherford Borough,Borough,Bergen,"18,834","17,892",2.781,,,,,
South Orange Township,Township,Essex,"18,484","16,126",2.846,,,,,
Dover Township,Town,Morris,"18,460","18,061",2.676,,,,,
Washington Township,Township,Morris,"18,197","18,411",44.582,,,,,
Delran Township,Township,Burlington,"17,882","16,820",6.63,,,,,
Dumont Borough,Borough,Bergen,"17,863","17,304",1.949,,,,,
Hopewell Township,Township,Mercer,"17,491","16,896",58.071,,,,,
Holmdel Township,Township,Monmouth,"17,400","16,696",17.847,,,,,
Weehawken Township,Township,Hudson,"17,197","12,417",0.784,,,,,
Springfield Township,Township,Union,"17,178","15,569",5.157,,,,,
Denville Township,Township,Morris,"17,107","16,341",11.992,,,,,
Cinnaminson Township,Township,Burlington,"17,064","15,540",7.424,,,,,
Madison Borough,Borough,Morris,"16,937","15,817",4.313,,,,,
New Milford Borough,Borough,Bergen,"16,923","16,264",2.283,,,,,
Wyckoff Township,Township,Bergen,"16,585","16,635",6.591,,,,,
North Arlington Borough,Borough,Bergen,"16,457","15,311",2.484,,,,,
Franklin Township,Township,Gloucester,"16,380","16,773",55.83,,,,,
Readington Township,Township,Hunterdon,"16,128","16,116",47.558,,,,,
South River Borough,Borough,Middlesex,"16,118","15,845",2.785,,,,,
Warren Township,Township,Somerset,"15,923","15,217",19.566,,,,,
Pequannock Township,Township,Morris,"15,571","15,392",6.787,,,,,
Clark Township,Township,Union,"15,544","14,707",4.273,,,,,
Robbinsville Township,Township,Mercer,"15,476","13,635",20.441,,,,,
Tenafly Borough,Borough,Bergen,"15,409","14,473",4.586,,,,,
Haddon Township,Township,Camden,"15,407","14,488",2.692,,,,,
Phillipsburg Township,Town,Warren,"15,249","14,791",3.191,,,,,
Mantua Township,Township,Gloucester,"15,235","15,147",16.005,,,,,
Asbury Park City,City,Monmouth,"15,188","16,008",1.429,,,,,
Highland Park Borough,Borough,Middlesex,"15,072","13,926",1.821,,,,,
Metuchen Borough,Borough,Middlesex,"15,049","13,478",2.849,,,,,
Fairview Borough,Borough,Bergen,"15,025","13,712",0.844,,,,,
Branchburg Township,Township,Somerset,"14,940","14,432",20.071,,,,,
Ramsey Borough,Borough,Bergen,"14,798","14,459",5.503,,,,,
Hammonton Township,Town,Atlantic,"14,711","14,756",40.749,,,,,
Hanover Township,Township,Morris,"14,677","13,659",10.513,,,,,
Middlesex Borough,Borough,Middlesex,"14,636","13,620",3.488,,,,,
Verona Township,Township,Essex,"14,572","13,297",2.794,,,,,
Hopatcong Borough,Borough,Sussex,"14,362","14,950",10.889,,,,,
Edgewater Borough,Borough,Bergen,"14,336","11,513",0.971,,,,,
Saddle Brook Township,Township,Bergen,"14,294","13,642",2.692,,,,,
Collingswood Borough,Borough,Camden,"14,186","13,835",1.83,,,,,
Roselle Park Borough,Borough,Union,"13,967","13,183",1.225,,,,,
New Providence Borough,Borough,Union,"13,650","12,171",3.688,,,,,
Harrison Township,Township,Gloucester,"13,641","12,411",18.932,,,,,
Eatontown Borough,Borough,Monmouth,"13,597","12,559",5.841,,,,,
Clinton Township,Township,Hunterdon,"13,505","13,409",29.869,,,,,
Woodland Park Borough,Borough,Passaic,"13,484","11,819",2.939,,,,,
Little Falls Township,Township,Passaic,"13,360","13,982",2.795,,,,,
Berkeley Heights Township,Township,Union,"13,285","12,754",6.22,,,,,
Ridgefield Park Borough,Village,Bergen,"13,224","12,729",1.705,,,,,
Cedar Grove Township,Township,Essex,"12,980","12,373",4.237,,,,,
Red Bank Borough,Borough,Monmouth,"12,936","12,206",1.746,,,,,
Florence Township,Township,Burlington,"12,812","12,109",9.769,,,,,
Lumberton Township,Township,Burlington,"12,803","12,554",12.881,,,,,
Oakland Borough,Borough,Bergen,"12,748","12,754",8.502,,,,,
Pennsville Township,Township,Salem,"12,684","13,332",21.266,,,,,
Florham Park Borough,Borough,Morris,"12,585","11,696",7.308,,,,,
Woolwich Township,Township,Gloucester,"12,577","10,200",21.072,,,,,
Haddonfield Borough,Borough,Camden,"12,550","11,593",2.796,,,,,
Upper Township,Township,Cape May,"12,539","12,307",62.027,,,,,
Freehold Borough,Borough,Monmouth,"12,538","12,052",1.932,,,,,
Somerville Borough,Borough,Somerset,"12,346","12,098",2.338,,,,,
Glen Rock Borough,Borough,Bergen,"12,133","11,601",2.703,,,,,
Hasbrouck Heights Borough,Borough,Bergen,"12,125","11,842",1.523,,,,,
River Edge Borough,Borough,Bergen,"12,049","11,340",1.833,,,,,
Guttenberg Township,Town,Hudson,"12,017","11,176",0.193,,,,,
Bound Brook Borough,Borough,Somerset,"11,988","10,402",1.661,,,,,
Wallington Borough,Borough,Bergen,"11,868","11,335",0.994,,,,,
Bordentown Township,Township,Burlington,"11,791","11,367",8.663,,,,,
Ringwood Borough,Borough,Passaic,"11,735","12,228",25.588,,,,,
Bellmawr Borough,Borough,Camden,"11,707","11,583",2.984,,,,,
East Greenwich Township,Township,Gloucester,"11,706","9,555",14.443,,,,,
Ridgefield Borough,Borough,Bergen,"11,501","11,032",2.543,,,,,
Gloucester City,City,Camden,"11,484","11,456",2.315,,,,,
Wanaque Borough,Borough,Passaic,"11,317","11,116",8.066,,,,,
Westwood Borough,Borough,Bergen,"11,282","10,908",2.259,,,,,
Ocean City,City,Cape May,"11,229","11,701",6.753,,,,,
Pompton Lakes Borough,Borough,Passaic,"11,127","11,097",2.887,,,,,
East Hanover Township,Township,Morris,"11,105","11,157",7.875,,,,,
Franklin Lakes Borough,Borough,Bergen,"11,079","10,590",9.414,,,,,
Totowa Borough,Borough,Passaic,"11,065","10,804",4,,,,,
West Caldwell Township,Township,Essex,"11,012","10,759",5.097,,,,,
Little Ferry Borough,Borough,Bergen,"10,987","10,626",1.477,,,,,
Chatham Township,Township,Morris,"10,983","10,452",9.078,,,,,
Manville Borough,Borough,Somerset,"10,953","10,344",2.361,,,,,
Lincoln Park Borough,Borough,Morris,"10,915","10,521",6.398,,,,,
Beachwood Borough,Borough,Ocean,"10,859","11,045",2.763,,,,,
Wantage Township,Township,Sussex,"10,811","11,358",66.76,,,,,
Pine Hill Borough,Borough,Camden,"10,764","10,245",4.866,,,,,
Somers Point City,City,Atlantic,"10,469","10,795",4.01,,,,,
Waterford Township,Township,Camden,"10,421","10,649",36.002,,,,,
Millstone Township,Township,Monmouth,"10,376","10,566",36.607,,,,,
Southampton Township,Township,Burlington,"10,317","10,464",43.957,,,,,
Hackettstown Township,Town,Warren,"10,248","9,724",3.612,,,,,
Hillsdale Borough,Borough,Bergen,"10,143","10,219",2.902,,,,,
Wood-Ridge Borough,Borough,Bergen,"10,137","7,626",1.114,,,,,
Maywood Borough,Borough,Bergen,"10,080","9,555",1.287,,,,,
Waldwick Borough,Borough,Bergen,"10,058","9,625",2.046,,,,,
East Rutherford Borough,Borough,Bergen,"10,022","8,913",3.712,,,,,
Mount Holly Township,Township,Burlington,"9,981","9,536",2.824,,,,,
Kinnelon Borough,Borough,Morris,"9,966","10,248",18.029,,,,,
Woodbury City,City,Gloucester,"9,963","10,174",2.02,,,,,
Colts Neck Township,Township,Monmouth,"9,957","10,142",30.715,,,,,
River Vale Township,Township,Bergen,"9,909","9,659",4.07,,,,,
Keansburg Borough,Borough,Monmouth,"9,755","10,105",1.072,,,,,
Burlington City,City,Burlington,"9,743","9,920",3.035,,,,,
Matawan Borough,Borough,Monmouth,"9,565","8,810",2.266,,,,,
Chesterfield Township,Township,Burlington,"9,422","7,699",21.311,,,,,
South Amboy City,City,Middlesex,"9,411","8,631",1.538,,,,,
Leonia Borough,Borough,Bergen,"9,304","8,937",1.523,,,,,
Washington Township,Township,Bergen,"9,285","9,102",2.953,,,,,
Chatham Borough,Borough,Morris,"9,212","8,962",2.347,,,,,
Ventnor City,City,Atlantic,"9,210","10,650",1.955,,,,,
Cresskill Borough,Borough,Bergen,"9,155","8,573",2.065,,,,,
Absecon City,City,Atlantic,"9,137","8,411",5.468,,,,,
Westampton Township,Township,Burlington,"9,121","8,813",10.974,,,,,
Haledon Borough,Borough,Passaic,"9,052","8,318",1.215,,,,,
Caldwell Borough,Borough,Essex,"9,027","7,822",1.178,,,,,
Edgewater Park Township,Township,Burlington,"8,930","8,881",2.919,,,,,
North Haledon Borough,Borough,Passaic,"8,927","8,417",3.464,,,,,
Mansfield Township,Township,Burlington,"8,897","8,544",21.733,,,,,
Park Ridge Borough,Borough,Bergen,"8,883","8,645",2.607,,,,,
Ocean Township,Township,Ocean,"8,835","8,332",20.866,,,,,
Boonton Town Township,Town,Morris,"8,815","8,347",2.335,,,,,
Clayton Borough,Borough,Gloucester,"8,807","8,179",7.075,,,,,
Pitman Borough,Borough,Gloucester,"8,780","9,011",2.218,,,,,
Bogota Borough,Borough,Bergen,"8,778","8,187",0.755,,,,,
Pittsgrove Township,Township,Salem,"8,777","9,393",44.899,,,,,
Lopatcong Township,Township,Warren,"8,776","8,014",7.316,,,,,
Audubon Borough,Borough,Camden,"8,707","8,819",1.482,,,,,
Carneys Point Township,Township,Salem,"8,637","8,049",16.912,,,,,
Long Hill Township,Township,Morris,"8,629","8,702",11.797,,,,,
Closter Borough,Borough,Bergen,"8,594","8,373",3.16,,,,,
West Long Branch,Borough,Monmouth,"8,587","8,097",2.856,,,,,
Montvale Borough,Borough,Bergen,"8,436","7,844",4.023,,,,,
Northfield City,City,Atlantic,"8,434","8,624",3.582,,,,,
Kenilworth Borough,Borough,Union,"8,427","7,914",2.147,,,,,
Newton Township,Town,Sussex,"8,374","7,997",3.36,,,,,
Upper Saddle River Borough,Borough,Bergen,"8,353","8,208",5.253,,,,,
Runnemede Borough,Borough,Camden,"8,324","8,468",2.051,,,,,
Bedminster Township,Township,Somerset,"8,272","8,165",26.123,,,,,
Oradell Borough,Borough,Bergen,"8,244","7,978",2.411,,,,,
Spotswood Borough,Borough,Middlesex,"8,163","8,257",2.307,,,,,
Hardyston Township,Township,Sussex,"8,125","8,213",31.985,,,,,
Plumsted Township,Township,Ocean,"8,072","8,421",39.137,,,,,
Butler Borough,Borough,Morris,"8,047","7,539",2.034,,,,,
Byram Township,Township,Sussex,"8,028","8,350",21.531,,,,,
Riverside Township,Township,Burlington,"8,003","8,079",1.484,,,,,
North Hanover Township,Township,Burlington,"7,963","7,678",17.368,,,,,
Bernardsville Borough,Borough,Somerset,"7,893","7,707",12.836,,,,,
Fairfield Township,Township,Essex,"7,872","7,466",10.128,,,,,
Raritan Borough,Borough,Somerset,"7,835","6,881",1.992,,,,,
Glen Ridge Borough,Borough,Essex,"7,802","7,527",1.275,,,,,
Mansfield Township,Township,Warren,"7,781","7,725",29.586,,,,,
Bloomingdale Borough,Borough,Passaic,"7,777","7,656",8.801,,,,,
Fanwood Borough,Borough,Union,"7,774","7,318",1.34,,,,,
Brigantine City,City,Atlantic,"7,716","9,450",6.522,,,,,
Chester Township,Township,Morris,"7,713","7,838",29.132,,,,,
Upper Deerfield Township,Township,Cumberland,"7,645","7,660",31.241,,,,,
Dunellen Borough,Borough,Middlesex,"7,637","7,227",1.062,,,,,
Haddon Heights Borough,Borough,Camden,"7,495","7,473",1.566,,,,,
Berlin Borough,Borough,Camden,"7,489","7,588",3.594,,,,,
Palmyra Borough,Borough,Burlington,"7,438","7,398",1.849,,,,,
Rumson Borough,Borough,Monmouth,"7,343","7,122",5.067,,,,,
Washington Borough,Borough,Warren,"7,299","6,461",1.965,,,,,
Emerson Borough,Borough,Bergen,"7,290","7,401",2.231,,,,,
Green Brook Township,Township,Somerset,"7,281","7,203",4.407,,,,,
Upper Freehold Township,Township,Monmouth,"7,273","6,902",46.476,,,,,
Wharton Borough,Borough,Morris,"7,241","6,522",2.072,,,,,
Keyport Borough,Borough,Monmouth,"7,204","7,240",1.381,,,,,
Barrington Borough,Borough,Camden,"7,075","6,983",1.581,,,,,
Milltown Borough,Borough,Middlesex,"7,037","6,893",1.554,,,,,
Buena Vista Township,Township,Atlantic,"7,033","7,570",41.08,,,,,
Mountainside Borough,Borough,Union,"7,020","6,685",3.996,,,,,
Midland Park Borough,Borough,Bergen,"7,014","7,128",1.571,,,,,
Stratford Borough,Borough,Camden,"6,981","7,040",1.57,,,,,
Linwood City,City,Atlantic,"6,971","7,092",3.811,,,,,
Allendale Borough,Borough,Bergen,"6,848","6,505",3.097,,,,,
Tabernacle Township,Township,Burlington,"6,776","6,949",49.202,,,,,
North Caldwell Borough,Borough,Essex,"6,694","6,183",3.068,,,,,
Rockaway Borough,Borough,Morris,"6,598","6,438",2.074,,,,,
Union Township,Township,Hunterdon,"6,507","5,908",18.765,,,,,
Washington Township,Township,Warren,"6,492","6,651",17.961,,,,,
Shamong Township,Township,Burlington,"6,460","6,490",44.452,,,,,
Watchung Borough,Borough,Somerset,"6,449","5,801",6.016,,,,,
Carlstadt Borough,Borough,Bergen,"6,372","6,127",3.947,,,,,
Prospect Park Borough,Borough,Passaic,"6,372","5,865",0.465,,,,,
New Hanover Township,Township,Burlington,"6,367","7,385",22.334,,,,,
Roseland Borough,Borough,Essex,"6,299","5,819",3.618,,,,,
Dennis Township,Township,Cape May,"6,285","6,467",60.421,,,,,
Fair Haven Borough,Borough,Monmouth,"6,269","6,121",1.593,,,,,
Maurice River Township,Township,Cumberland,"6,218","7,976",93.166,,,,,
Paulsboro Borough,Borough,Gloucester,"6,196","6,097",1.924,,,,,
Lebanon Township,Township,Hunterdon,"6,195","6,588",31.429,,,,,
Eastampton Township,Township,Burlington,"6,191","6,069",5.73,,,,,
Morris Plains Borough,Borough,Morris,"6,153","5,532",2.554,,,,,
Oceanport Borough,Borough,Monmouth,"6,150","5,832",3.172,,,,,
Little Silver Borough,Borough,Monmouth,"6,131","5,950",2.712,,,,,
Woodcliff Lake Borough,Borough,Bergen,"6,128","5,730",3.376,,,,,
Hainesport Township,Township,Burlington,"6,035","6,110",6.47,,,,,
Mendham Township,Township,Morris,"6,016","5,869",17.784,,,,,
Logan Township,Township,Gloucester,"6,000","6,042",21.928,,,,,
Andover Township,Township,Sussex,"5,996","6,319",20.044,,,,,
Manasquan Borough,Borough,Monmouth,"5,938","5,897",1.38,,,,,
Mount Arlington Borough,Borough,Morris,"5,909","5,050",2.14,,,,,
Belmar Borough,Borough,Monmouth,"5,907","5,794",1.045,,,,,
Hightstown Borough,Borough,Mercer,"5,900","5,494",1.233,,,,,
Old Tappan Borough,Borough,Bergen,"5,888","5,750",3.315,,,,,
Tewksbury Township,Township,Hunterdon,"5,870","5,993",31.645,,,,,
Berlin Township,Township,Camden,"5,867","5,357",3.342,,,,,
Mullica Township,Township,Atlantic,"5,816","6,147",56.375,,,,,
Rochelle Park Township,Township,Bergen,"5,814","5,530",0.991,,,,,
Jamesburg Borough,Borough,Middlesex,"5,783","5,915",0.882,,,,,
Union Beach Borough,Borough,Monmouth,"5,723","6,245",1.782,,,,,
Blairstown Township,Township,Warren,"5,704","5,967",29.887,,,,,
Norwood Borough,Borough,Bergen,"5,641","5,711",2.785,,,,,
Somerdale Borough,Borough,Camden,"5,566","5,151",1.392,,,,,
Fairfield Township,Township,Cumberland,"5,546","6,295",41.119,,,,,
Greenwich Township,Township,Warren,"5,473","5,712",10.581,,,,,
Independence Township,Township,Warren,"5,469","5,662",19.83,,,,,
Englewood Cliffs Borough,Borough,Bergen,"5,342","5,281",2.126,,,,,
Clementon Borough,Borough,Camden,"5,338","5,000",1.893,,,,,
Allamuchy Township,Township,Warren,"5,335","4,323",19.992,,,,,
Margate City,City,Atlantic,"5,317","6,354",1.416,,,,,
Frankford Township,Township,Sussex,"5,302","5,565",33.876,,,,,
Salem City,City,Salem,"5,296","5,146",2.344,,,,,
Holland Township,Township,Hunterdon,"5,177","5,291",23.469,,,,,
Wildwood City,City,Cape May,"5,157","5,325",1.541,,,,,
Brielle Borough,Borough,Monmouth,"4,982","4,774",1.756,,,,,
Demarest Borough,Borough,Bergen,"4,981","4,881",2.072,,,,,
Mendham Borough,Borough,Morris,"4,981","4,981",5.931,,,,,
Greenwich Township,Township,Gloucester,"4,917","4,899",8.982,,,,,
Franklin Borough,Borough,Sussex,"4,912","5,045",4.356,,,,,
Hampton Township,Township,Sussex,"4,893","5,196",24.57,,,,,
Spring Lake Heights,Borough,Monmouth,"4,890","4,713",1.295,,,,,
Flemington Borough,Borough,Hunterdon,"4,876","4,581",1.077,,,,,
South Bound Brook,Borough,Somerset,"4,863","4,563",0.645,,,,,
Penns Grove Borough,Borough,Salem,"4,837","5,147",0.893,,,,,
Delanco Township,Township,Burlington,"4,824","4,283",2.358,,,,,
Alexandria Township,Township,Hunterdon,"4,809","4,938",27.534,,,,,
Point Pleasant Beach,Borough,Ocean,"4,766","4,665",1.424,,,,,
Northvale Borough,Borough,Bergen,"4,761","4,640",1.265,,,,,
Harrington Park,Borough,Bergen,"4,741","4,664",1.846,,,,,
Commercial Township,Township,Cumberland,"4,669","5,178",31.914,,,,,
Mount Ephraim Borough,Borough,Camden,"4,651","4,676",0.884,,,,,
Neptune City,Borough,Monmouth,"4,626","4,869",0.896,,,,,
Highlands Borough,Borough,Monmouth,"4,621","5,005",0.74,,,,,
White Township,Township,Warren,"4,606","4,882",27.366,,,,,
Delaware Township,Township,Hunterdon,"4,560","4,563",36.656,,,,,
Buena Borough,Borough,Atlantic,"4,501","4,603",7.573,,,,,
Mountain Lakes,Borough,Morris,"4,472","4,160",2.641,,,,,
Garwood Borough,Borough,Union,"4,454","4,226",0.65,,,,,
Elk Township,Township,Gloucester,"4,424","4,216",19.157,,,,,
Atlantic Highlands Borough,Borough,Monmouth,"4,414","4,385",1.264,,,,,
Egg Harbor City,City,Atlantic,"4,396","4,243",10.851,,,,,
Hopewell Township,Township,Cumberland,"4,391","4,571",29.89,,,,,
Boonton Township,Township,Morris,"4,380","4,263",8.131,,,,,
Magnolia Borough,Borough,Camden,"4,352","4,341",0.978,,,,,
Bradley Beach Borough,Borough,Monmouth,"4,282","4,298",0.61,,,,,
Medford Lakes Borough,Borough,Burlington,"4,264","4,146",1.14,,,,,
Westville Borough,Borough,Gloucester,"4,264","4,288",1.024,,,,,
Ho-Ho-Kus Borough,Borough,Bergen,"4,258","4,078",1.739,,,,,
Shrewsbury Borough,Borough,Monmouth,"4,184","3,809",2.161,,,,,
Pilesgrove Township,Township,Salem,"4,183","4,016",34.935,,,,,
Lambertville City,City,Hunterdon,"4,139","3,906",1.084,,,,,
Riverdale Borough,Borough,Morris,"4,107","3,559",2.026,,,,,
Mine Hill Township,Township,Morris,"4,015","3,651",2.939,,,,,
Stillwater Township,Township,Sussex,"4,004","4,099",26.924,,,,,
Bordentown City,City,Burlington,"3,993","3,924",0.935,,,,,
Oaklyn Borough,Borough,Camden,"3,930","4,038",0.627,,,,,
East Amwell Township,Township,Hunterdon,"3,917","4,013",28.455,,,,,
Harding Township,Township,Morris,"3,871","3,838",20.054,,,,,
Cranbury Township,Township,Middlesex,"3,842","3,857",13.283,,,,,
Merchantville Borough,Borough,Camden,"3,820","3,821",0.593,,,,,
Kingwood Township,Township,Hunterdon,"3,802","3,845",35.006,,,,,
Montague Township,Township,Sussex,"3,792","3,847",45.231,,,,,
Bethlehem Township,Township,Hunterdon,"3,745","3,979",20.683,,,,,
Woodstown Borough,Borough,Salem,"3,678","3,505",1.575,,,,,
South Toms River Borough,Borough,Ocean,"3,643","3,684",1.157,,,,,
Green Township,Township,Sussex,"3,627","3,601",16.034,,,,,
North Wildwood City,City,Cape May,"3,621","4,041",1.725,,,,,
Tuckerton Borough,Borough,Ocean,"3,577","3,347",3.362,,,,,
High Bridge Borough,Borough,Hunterdon,"3,546","3,648",2.391,,,,,
Stanhope Borough,Borough,Sussex,"3,526","3,610",1.838,,,,,
Upper Pittsgrove Township,Township,Salem,"3,432","3,505",40.242,,,,,
South Harrison Township,Township,Gloucester,"3,395","3,162",15.895,,,,,
Netcong Borough,Borough,Morris,"3,375","3,232",0.833,,,,,
Saddle River Borough,Borough,Bergen,"3,372","3,152",4.916,,,,,
Haworth Borough,Borough,Bergen,"3,343","3,382",1.937,,,,,
Alloway Township,Township,Salem,"3,283","3,467",33.477,,,,,
Franklin Township,Township,Hunterdon,"3,267","3,195",23.035,,,,,
Hamburg Borough,Borough,Sussex,"3,266","3,277",1.145,,,,,
Springfield Township,Township,Burlington,"3,245","3,414",29.512,,,,,
Pohatcong Township,Township,Warren,"3,241","3,339",13.37,,,,,
Fredon Township,Township,Sussex,"3,235","3,437",17.64,,,,,
Monmouth Beach Borough,Borough,Monmouth,"3,174","3,279",1.042,,,,,
Long Beach Township,Township,Ocean,"3,153","3,051",5.448,,,,,
Deerfield Township,Township,Cumberland,"3,136","3,119",16.842,,,,,
Moonachie Borough,Borough,Bergen,"3,133","2,708",1.73,,,,,
Wildwood Crest Borough,Borough,Cape May,"3,101","3,270",1.298,,,,,
Woodbury Heights Borough,Borough,Gloucester,"3,098","3,055",1.246,,,,,
Lawrence Township,Township,Cumberland,"3,087","3,290",36.923,,,,,
National Park Borough,Borough,Gloucester,"3,026","3,036",1.007,,,,,
West Amwell Township,Township,Hunterdon,"3,005","3,840",21.647,,,,,
Franklin Township,Township,Warren,"2,968","3,176",23.42,,,,,
Lawnside Borough,Borough,Camden,"2,955","2,945",1.43,,,,,
Woodlynne Borough,Borough,Camden,"2,902","2,978",0.218,,,,,
Knowlton Township,Township,Warren,"2,894","3,055",24.724,,,,,
Pennington Borough,Borough,Mercer,"2,802","2,585",0.961,,,,,
Spring Lake Borough,Borough,Monmouth,"2,789","2,993",1.332,,,,,
Clinton Township,Town,Hunterdon,"2,773","2,719",1.346,,,,,
Cape May City,City,Cape May,"2,768","3,607",2.473,,,,,
Riverton Borough,Borough,Burlington,"2,764","2,779",0.662,,,,,
Swedesboro Borough,Borough,Gloucester,"2,711","2,584",0.731,,,,,
South Hackensack Township,Township,Bergen,"2,701","2,378",0.717,,,,,
Liberty Township,Township,Warren,"2,670","2,942",11.667,,,,,
Lakehurst Borough,Borough,Ocean,"2,636","2,654",0.895,,,,,
Weymouth Township,Township,Atlantic,"2,614","2,715",11.822,,,,,
East Newark Borough,Borough,Hudson,"2,594","2,406",0.103,,,,,
Quinton Township,Township,Salem,"2,580","2,666",23.793,,,,,
Peapack and Gladstone Borough,Borough,Somerset,"2,558","2,582",5.733,,,,,
Belvidere Township,Town,Warren,"2,520","2,681",1.449,,,,,
Harmony Township,Township,Warren,"2,503","2,667",23.75,,,,,
Beverly City,City,Burlington,"2,499","2,577",0.541,,,,,
Helmetta Borough,Borough,Middlesex,"2,455","2,178",0.828,,,,,
Oxford Township,Township,Warren,"2,444","2,514",5.959,,,,,
Seaside Heights Borough,Borough,Ocean,"2,440","2,887",0.617,,,,,
Lafayette Township,Township,Sussex,"2,358","2,538",17.883,,,,,
Englishtown Borough,Borough,Monmouth,"2,346","1,847",0.57,,,,,
Alpha Borough,Borough,Warren,"2,328","2,369",1.681,,,,,
Wenonah Borough,Borough,Gloucester,"2,283","2,278",0.996,,,,,
Ogdensburg Borough,Borough,Sussex,"2,258","2,410",2.204,,,,,
Essex Fells Borough,Borough,Essex,"2,244","2,113",1.408,,,,,
Frelinghuysen Township,Township,Warren,"2,199","2,230",23.623,,,,,
Gibbsboro Borough,Borough,Camden,"2,189","2,274",2.152,,,,,
Pine Beach Borough,Borough,Ocean,"2,139","2,127",0.636,,,,,
Woodbine Borough,Borough,Cape May,"2,128","2,472",8.019,,,,,
Sea Isle City,City,Cape May,"2,104","2,114",2.204,,,,,
Sussex Borough,Borough,Sussex,"2,024","2,130",0.593,,,,,
Laurel Springs Borough,Borough,Camden,"1,978","1,908",0.451,,,,,
Sandyston Township,Township,Sussex,"1,977","1,998",41.303,,,,,
Avon-by-the-Sea Borough,Borough,Monmouth,"1,933","1,901",0.426,,,,,
Ocean Gate Borough,Borough,Ocean,"1,932","2,011",0.45,,,,,
Hopewell Borough,Borough,Mercer,"1,918","1,922",0.724,,,,,
Oldmans Township,Township,Salem,"1,910","1,773",19.51,,,,,
Sea Girt Borough,Borough,Monmouth,"1,866","1,828",1.06,,,,,
Hope Township,Township,Warren,"1,835","1,952",18.086,,,,,
Brooklawn Borough,Borough,Camden,"1,815","1,955",0.488,,,,,
Folsom Borough,Borough,Atlantic,"1,811","1,885",8.264,,,,,
Lavallette Borough,Borough,Ocean,"1,787","1,875",0.816,,,,,
Newfield Borough,Borough,Gloucester,"1,774","1,553",1.738,,,,,
Alpine Borough,Borough,Bergen,"1,762","1,849",6.401,,,,,
Allentown Borough,Borough,Monmouth,"1,734","1,828",0.596,,,,,
Eagleswood Township,Township,Ocean,"1,722","1,603",16.103,,,,,
Lower Alloways Creek Township,Township,Salem,"1,717","1,770",45.309,,,,,
Lake Como Borough,Borough,Monmouth,"1,697","1,759",0.252,,,,,
Glen Gardner Borough,Borough,Hunterdon,"1,682","1,704",1.548,,,,,
Chester Borough,Borough,Morris,"1,681","1,649",1.592,,,,,
Estell Manor City,City,Atlantic,"1,668","1,735",53.387,,,,,
Lebanon Borough,Borough,Hunterdon,"1,665","1,358",0.902,,,,,
Island Heights Borough,Borough,Ocean,"1,650","1,673",0.609,,,,,
Hardwick Township,Township,Warren,"1,598","1,696",37.525,,,,,
Victory Gardens Borough,Borough,Morris,"1,582","1,520",0.145,,,,,
Woodland Township,Township,Burlington,"1,544","1,788",92.638,,,,,
Chesilhurst Borough,Borough,Camden,"1,536","1,634",1.715,,,,,
Farmingdale Borough,Borough,Monmouth,"1,504","1,329",0.52,,,,,
Mannington Township,Township,Salem,"1,475","1,806",33.883,,,,,
Sea Bright Borough,Borough,Monmouth,"1,449","1,412",0.72,,,,,
Hampton Borough,Borough,Hunterdon,"1,438","1,401",1.505,,,,,
Seaside Park Borough,Borough,Ocean,"1,436","1,579",0.655,,,,,
Winfield Township,Township,Union,"1,423","1,471",0.181,,,,,
Downe Township,Township,Cumberland,"1,399","1,585",48.403,,,,,
Pemberton Borough,Borough,Burlington,"1,371","1,409",0.59,,,,,
Frenchtown Borough,Borough,Hunterdon,"1,370","1,373",1.128,,,,,
Bass River Township,Township,Burlington,"1,355","1,443",75.124,,,,,
Elmer Borough,Borough,Salem,"1,347","1,395",0.894,,,,,
Stow Creek Township,Township,Cumberland,"1,312","1,431",18.266,,,,,
Avalon Borough,Borough,Cape May,"1,243","1,334",4.27,,,,,
Surf City,Borough,Ocean,"1,243","1,205",0.744,,,,,
Milford Borough,Borough,Hunterdon,"1,232","1,233",1.182,,,,,
Port Republic City,City,Atlantic,"1,101","1,115",7.462,,,,,
Ship Bottom Borough,Borough,Ocean,"1,098","1,156",0.712,,,,,
Shrewsbury Township,Township,Monmouth,"1,076","1,141",0.099,,,,,
Beach Haven Borough,Borough,Ocean,"1,027","1,170",0.979,,,,,
West Cape May Borough,Borough,Cape May,"1,010","1,024",1.173,,,,,
Califon Borough,Borough,Hunterdon,"1,005","1,076",0.959,,,,,
Elsinboro Township,Township,Salem,"1,001","1,036",11.931,,,,,
Audubon Park Borough,Borough,Camden,991,"1,023",0.15,,,,,
Bay Head Borough,Borough,Ocean,930,968,0.585,,,,,
Hi-Nella Borough,Borough,Camden,927,870,0.223,,,,,
Far Hills Borough,Borough,Somerset,924,919,4.847,,,,,
Deal Borough,Borough,Monmouth,900,750,1.184,,,,,
Longport Borough,Borough,Atlantic,893,895,0.395,,,,,
Interlaken Borough,Borough,Monmouth,828,820,0.331,,,,,
Roosevelt Borough,Borough,Monmouth,808,882,1.94,,,,,
Stone Harbor Borough,Borough,Cape May,796,866,1.42,,,,,
Bloomsbury Borough,Borough,Hunterdon,792,870,0.932,,,,,
Branchville Borough,Borough,Sussex,791,841,0.593,,,,,
Greenwich Township,Township,Cumberland,771,804,17.772,,,,,
Rocky Hill Borough,Borough,Somerset,743,682,0.611,,,,,
Wrightstown Borough,Borough,Burlington,720,802,1.85,,,,,
Washington Township,Township,Burlington,693,687,101.661,,,,,
Barnegat Light Borough,Borough,Ocean,640,574,0.831,,,,,
Andover Borough,Borough,Sussex,595,606,1.348,,,,,
West Wildwood Borough,Borough,Cape May,540,603,0.286,,,,,
Fieldsboro Borough,Borough,Burlington,526,540,0.279,,,,,
Stockton Borough,Borough,Hunterdon,495,538,0.546,,,,,
Allenhurst Borough,Borough,Monmouth,472,496,0.25,,,,,
Corbin City,City,Atlantic,471,492,7.697,,,,,
Millstone Borough,Borough,Somerset,448,418,0.681,,,,,
Shiloh Borough,Borough,Cumberland,444,516,1.203,,,,,
Rockleigh Borough,Borough,Bergen,407,531,1.003,,,,,
Harvey Cedars Borough,Borough,Ocean,391,337,0.561,,,,,
Mantoloking Borough,Borough,Ocean,331,296,0.386,,,,,
Cape May Point Borough,Borough,Cape May,305,291,0.295,,,,,
Loch Arbour Borough,Village,Monmouth,224,194,0.087,,,,,
Teterboro Borough,Borough,Bergen,61,67,1.107,,,,,
Tavistock Borough,Borough,Camden,9,5,0.273,,,,,
Walpack Township,Township,Sussex,7,16,24.171,,,,,